Frame Number,Car ID,Lane (Left/Right),Speed (Km/h),Violation
1,0,Left,tensor(20.5182),No
1,1,Right,tensor(5.9977),Yes
2,0,Left,tensor(19.8181),No
2,1,Right,tensor(5.5559),Yes
3,1,Right,tensor(8.1544),No
3,0,Left,tensor(22.1471),No
4,1,Right,tensor(6.2144),No
4,0,Left,tensor(21.1086),No
5,1,Right,tensor(6.0829),No
5,0,Left,tensor(20.6300),No
6,1,Right,tensor(5.1928),Yes
6,0,Left,tensor(23.0664),Yes
7,2,Right,tensor(86.7308),No
7,0,Left,tensor(20.4380),Yes
7,1,Right,tensor(6.6092),Yes
8,2,Right,tensor(86.5251),No
8,0,Left,tensor(21.3215),Yes
8,1,Right,tensor(5.5059),Yes
9,2,Right,tensor(86.6521),No
9,0,Left,tensor(21.1319),Yes
9,1,Right,tensor(5.3620),Yes
10,2,Right,tensor(89.0392),No
10,0,Left,tensor(23.4138),Yes
10,1,Right,tensor(4.7626),Yes
11,2,Right,tensor(84.5656),No
11,0,Left,tensor(22.4916),Yes
11,1,Right,tensor(3.5362),Yes
12,2,Right,tensor(87.2837),No
12,0,Left,tensor(24.0160),Yes
12,1,Right,tensor(5.7249),Yes
13,2,Right,tensor(87.3926),No
13,0,Left,tensor(23.5746),Yes
13,1,Right,tensor(5.1857),Yes
14,2,Right,tensor(74.0229),No
14,0,Left,tensor(24.2180),Yes
14,1,Right,tensor(4.5379),Yes
15,2,Right,tensor(75.7064),No
15,0,Left,tensor(25.4848),Yes
15,1,Right,tensor(6.4149),Yes
16,2,Right,tensor(70.2032),No
16,0,Left,tensor(24.0680),Yes
16,1,Right,tensor(1.7499),Yes
17,2,Right,tensor(70.2333),No
17,0,Left,tensor(23.7568),Yes
17,1,Right,tensor(5.3377),Yes
18,2,Right,tensor(69.8620),No
18,0,Left,tensor(25.2474),Yes
18,1,Right,tensor(2.3367),Yes
19,2,Right,tensor(66.5015),No
19,0,Left,tensor(23.4432),Yes
19,1,Right,tensor(3.4671),Yes
20,2,Right,tensor(67.8942),No
20,0,Left,tensor(27.1604),Yes
20,1,Right,tensor(5.7524),Yes
21,2,Right,tensor(63.9473),No
21,0,Left,tensor(27.0955),Yes
21,1,Right,tensor(2.9870),Yes
22,2,Right,tensor(62.1575),No
22,0,Left,tensor(27.0814),Yes
22,1,Right,tensor(4.2490),Yes
23,2,Right,tensor(61.4625),No
23,0,Left,tensor(27.9514),Yes
23,1,Right,tensor(4.6348),Yes
24,2,Right,tensor(58.1761),No
24,0,Left,tensor(26.8959),Yes
24,1,Right,tensor(3.8150),Yes
25,2,Right,tensor(54.3387),No
25,0,Left,tensor(26.8987),Yes
25,1,Right,tensor(2.7459),Yes
26,2,Right,tensor(55.3741),No
26,0,Left,tensor(28.8293),Yes
26,1,Right,tensor(3.1459),Yes
27,2,Right,tensor(54.3632),No
27,0,Left,tensor(28.7956),Yes
27,1,Right,tensor(0.9854),Yes
28,2,Right,tensor(52.7591),No
28,0,Left,tensor(31.6408),Yes
28,1,Right,tensor(5.3954),Yes
29,2,Right,tensor(52.1463),No
29,0,Left,tensor(28.8460),Yes
29,1,Right,tensor(2.7599),Yes
30,2,Right,tensor(51.3952),No
30,0,Left,tensor(32.1023),Yes
31,2,Right,tensor(50.4005),No
31,0,Left,tensor(25.1122),Yes
32,2,Right,tensor(48.6841),No
32,0,Left,tensor(32.9460),Yes
32,1,Right,tensor(2.1710),Yes
33,2,Right,tensor(47.6925),No
33,0,Left,tensor(33.3762),Yes
33,1,Right,tensor(3.0678),Yes
34,2,Right,tensor(45.6084),No
34,0,Left,tensor(32.5709),Yes
34,1,Right,tensor(2.1482),Yes
35,0,Left,tensor(34.9331),No
35,2,Right,tensor(45.0393),No
35,1,Right,tensor(2.7914),Yes
36,2,Right,tensor(43.5411),No
36,0,Left,tensor(30.4896),Yes
36,1,Right,tensor(3.9081),Yes
37,2,Right,tensor(44.3924),No
37,0,Left,tensor(33.2464),Yes
38,2,Right,tensor(41.9153),No
38,0,Left,tensor(34.0762),Yes
39,2,Right,tensor(40.6307),No
39,0,Left,tensor(34.3743),Yes
40,0,Left,tensor(36.2314),No
40,2,Right,tensor(39.7277),No
41,2,Right,tensor(38.8017),No
41,0,Left,tensor(34.6746),Yes
42,0,Left,tensor(37.4384),No
42,2,Right,tensor(37.6629),No
42,3,Left,tensor(25.1453),Yes
43,0,Left,tensor(37.9049),No
43,2,Right,tensor(37.7172),Yes
43,3,Left,tensor(28.8985),Yes
44,0,Left,tensor(36.8057),No
44,2,Right,tensor(36.0878),Yes
44,3,Left,tensor(26.1564),Yes
45,0,Left,tensor(39.9293),No
45,2,Right,tensor(35.1669),Yes
45,3,Left,tensor(26.0828),Yes
46,2,Right,tensor(34.7124),No
46,0,Left,tensor(41.4443),No
46,3,Left,tensor(28.0379),Yes
46,4,Left,tensor(15.9904),Yes
47,2,Right,tensor(35.2438),No
47,0,Left,tensor(41.0718),No
47,3,Left,tensor(25.7035),Yes
47,4,Left,tensor(14.6445),Yes
48,0,Left,tensor(43.0622),No
48,2,Right,tensor(32.0579),Yes
48,3,Left,tensor(28.2099),Yes
48,4,Left,tensor(15.8710),Yes
49,0,Left,tensor(42.0844),No
49,2,Right,tensor(32.0749),Yes
49,3,Left,tensor(26.6859),Yes
49,4,Left,tensor(14.8185),Yes
50,0,Left,tensor(43.6690),No
50,2,Right,tensor(31.1512),Yes
50,4,Left,tensor(16.7936),Yes
50,3,Left,tensor(28.6494),Yes
51,2,Right,tensor(29.7008),No
51,0,Left,tensor(43.6086),No
51,4,Left,tensor(16.6796),Yes
51,3,Left,tensor(26.5971),Yes
52,2,Right,tensor(28.2355),No
52,0,Left,tensor(46.5835),No
52,4,Left,tensor(15.4712),Yes
52,3,Left,tensor(29.4490),Yes
53,0,Left,tensor(46.7191),No
53,2,Right,tensor(29.2759),Yes
53,3,Left,tensor(28.0221),Yes
53,4,Left,tensor(16.6142),Yes
54,0,Left,tensor(47.2664),No
54,2,Right,tensor(27.5674),Yes
54,3,Left,tensor(27.8284),Yes
54,4,Left,tensor(15.5746),Yes
55,0,Left,tensor(48.9774),No
55,2,Right,tensor(27.3852),Yes
55,3,Left,tensor(28.7430),Yes
55,4,Left,tensor(17.5484),Yes
56,0,Left,tensor(49.0811),No
56,2,Right,tensor(27.5438),Yes
56,3,Left,tensor(30.9929),Yes
56,4,Left,tensor(17.2509),Yes
57,0,Left,tensor(49.1680),No
57,2,Right,tensor(27.6557),Yes
57,3,Left,tensor(31.6229),Yes
57,4,Left,tensor(17.3917),Yes
58,0,Left,tensor(52.0927),No
58,2,Right,tensor(26.9816),Yes
58,3,Left,tensor(30.6970),Yes
58,4,Left,tensor(17.3697),Yes
59,0,Left,tensor(53.2506),No
59,2,Right,tensor(25.8460),Yes
59,3,Left,tensor(28.9133),Yes
59,4,Left,tensor(18.5451),Yes
60,0,Left,tensor(56.6473),No
60,2,Right,tensor(25.8491),Yes
60,3,Left,tensor(33.7387),Yes
60,4,Left,tensor(18.1891),Yes
61,0,Left,tensor(55.5272),No
61,2,Right,tensor(25.5813),Yes
61,3,Left,tensor(31.7573),Yes
61,4,Left,tensor(21.0960),Yes
62,0,Left,tensor(57.9093),No
62,2,Right,tensor(22.6638),Yes
62,3,Left,tensor(29.8775),Yes
62,4,Left,tensor(17.6603),Yes
63,0,Left,tensor(57.5878),No
63,2,Right,tensor(25.3169),Yes
63,3,Left,tensor(30.7764),Yes
63,4,Left,tensor(18.0555),Yes
64,0,Left,tensor(60.3868),No
64,2,Right,tensor(21.2073),Yes
64,3,Left,tensor(33.3088),Yes
64,4,Left,tensor(19.8211),Yes
65,0,Left,tensor(61.9082),No
65,2,Right,tensor(24.3796),Yes
65,3,Left,tensor(34.5750),Yes
65,4,Left,tensor(19.7516),Yes
66,0,Left,tensor(63.5043),No
66,2,Right,tensor(23.7044),Yes
66,3,Left,tensor(32.9411),Yes
66,4,Left,tensor(21.9367),Yes
67,0,Left,tensor(63.5129),No
67,3,Left,tensor(36.1820),Yes
67,2,Right,tensor(22.3846),Yes
67,4,Left,tensor(16.4214),Yes
68,0,Left,tensor(65.1638),No
68,3,Left,tensor(34.3268),Yes
68,2,Right,tensor(20.7829),Yes
68,4,Left,tensor(22.1475),Yes
69,0,Left,tensor(68.1951),No
69,3,Left,tensor(37.5005),Yes
69,2,Right,tensor(21.6742),Yes
69,4,Left,tensor(21.3073),Yes
70,0,Left,tensor(67.6447),No
70,3,Left,tensor(35.8529),Yes
70,2,Right,tensor(20.6875),Yes
71,0,Left,tensor(73.9492),No
71,3,Left,tensor(37.1564),Yes
71,2,Right,tensor(20.5065),Yes
71,4,Left,tensor(19.8136),Yes
72,0,Left,tensor(73.0382),No
72,3,Left,tensor(36.7346),Yes
72,2,Right,tensor(20.1433),Yes
73,0,Left,tensor(75.2934),No
73,3,Left,tensor(37.5849),Yes
73,2,Right,tensor(18.5862),Yes
74,5,Right,tensor(59.4025),No
74,0,Left,tensor(78.5542),No
74,3,Left,tensor(39.0836),Yes
74,2,Right,tensor(18.9634),Yes
74,4,Left,tensor(20.5795),Yes
75,5,Right,tensor(50.7101),No
75,0,Left,tensor(77.1024),No
75,2,Right,tensor(19.2495),Yes
75,3,Left,tensor(40.0001),Yes
75,4,Left,tensor(20.2350),Yes
76,5,Right,tensor(56.7051),No
76,0,Left,tensor(80.7296),No
76,3,Left,tensor(41.3557),Yes
76,2,Right,tensor(20.7468),Yes
77,0,Left,tensor(85.0619),No
77,5,Right,tensor(56.2132),Yes
77,3,Left,tensor(40.3729),Yes
77,2,Right,tensor(16.3668),Yes
77,4,Left,tensor(21.5656),Yes
78,5,Right,tensor(54.6839),No
78,0,Left,tensor(81.8371),No
78,3,Left,tensor(41.8896),Yes
78,2,Right,tensor(17.7374),Yes
78,4,Left,tensor(20.1481),Yes
79,0,Left,tensor(82.1198),No
79,5,Right,tensor(56.0488),Yes
79,3,Left,tensor(42.0087),Yes
79,2,Right,tensor(16.6873),Yes
79,4,Left,tensor(23.3776),Yes
80,0,Left,tensor(82.4829),No
80,5,Right,tensor(54.1446),Yes
80,3,Left,tensor(43.5305),Yes
80,2,Right,tensor(19.4387),Yes
80,4,Left,tensor(24.0160),Yes
81,0,Left,tensor(90.8447),No
81,5,Right,tensor(54.0485),Yes
81,3,Left,tensor(45.4616),Yes
81,2,Right,tensor(15.0530),Yes
81,4,Left,tensor(22.5399),Yes
82,0,Left,tensor(96.8068),No
82,5,Right,tensor(50.7990),Yes
82,3,Left,tensor(43.7873),Yes
82,2,Right,tensor(16.6327),Yes
82,4,Left,tensor(21.3875),Yes
83,0,Left,tensor(100.5630),No
83,5,Right,tensor(51.0908),Yes
83,3,Left,tensor(47.3512),Yes
83,2,Right,tensor(15.5148),Yes
83,4,Left,tensor(25.9749),Yes
84,0,Left,tensor(104.2278),No
84,5,Right,tensor(49.3840),Yes
84,3,Left,tensor(47.1418),Yes
84,2,Right,tensor(15.6701),Yes
84,4,Left,tensor(23.5285),Yes
85,0,Left,tensor(100.7179),No
85,5,Right,tensor(46.7428),Yes
85,3,Left,tensor(47.0550),Yes
85,2,Right,tensor(15.9497),Yes
85,4,Left,tensor(23.3528),Yes
86,0,Left,tensor(99.6552),No
86,5,Right,tensor(45.6363),Yes
86,3,Left,tensor(48.5953),Yes
86,2,Right,tensor(15.4740),Yes
86,4,Left,tensor(25.4858),Yes
87,0,Left,tensor(97.3287),No
87,3,Left,tensor(50.6628),Yes
87,5,Right,tensor(43.3396),Yes
87,2,Right,tensor(15.3751),Yes
87,4,Left,tensor(23.5000),Yes
88,0,Left,tensor(104.6895),No
88,5,Right,tensor(43.5411),Yes
88,3,Left,tensor(49.2590),Yes
88,2,Right,tensor(13.4680),Yes
88,4,Left,tensor(26.1970),Yes
89,0,Left,tensor(108.7676),No
89,3,Left,tensor(51.4662),Yes
89,5,Right,tensor(41.6079),Yes
89,4,Left,tensor(24.1016),Yes
89,2,Right,tensor(13.2627),Yes
90,0,Left,tensor(110.2709),No
90,3,Left,tensor(52.9324),Yes
90,5,Right,tensor(39.4988),Yes
90,4,Left,tensor(24.8983),Yes
90,2,Right,tensor(14.4265),Yes
91,0,Left,tensor(117.1313),No
91,3,Left,tensor(54.2836),Yes
91,5,Right,tensor(38.5544),Yes
91,2,Right,tensor(14.6335),Yes
91,4,Left,tensor(27.8933),Yes
92,0,Left,tensor(119.1769),No
92,5,Right,tensor(37.3201),Yes
92,3,Left,tensor(56.4470),Yes
92,2,Right,tensor(13.3168),Yes
92,4,Left,tensor(26.0233),Yes
93,0,Left,tensor(129.4006),No
93,5,Right,tensor(38.5713),Yes
93,3,Left,tensor(55.7190),Yes
93,2,Right,tensor(13.0360),Yes
93,4,Left,tensor(28.4058),Yes
94,3,Left,tensor(56.3470),No
94,5,Right,tensor(35.4472),Yes
94,2,Right,tensor(12.6512),Yes
94,4,Left,tensor(25.9086),Yes
95,3,Left,tensor(59.0495),No
95,5,Right,tensor(34.2372),Yes
95,2,Right,tensor(12.6610),Yes
95,4,Left,tensor(28.5348),Yes
95,6,Left,tensor(139.5226),No
96,3,Left,tensor(59.8921),No
96,5,Right,tensor(33.5015),Yes
96,2,Right,tensor(12.4363),Yes
96,4,Left,tensor(28.5694),Yes
96,6,Left,tensor(141.7284),No
97,3,Left,tensor(61.6913),No
97,5,Right,tensor(32.1417),Yes
97,2,Right,tensor(11.3054),Yes
97,4,Left,tensor(29.0026),Yes
98,3,Left,tensor(64.2418),No
98,5,Right,tensor(30.9424),Yes
98,2,Right,tensor(14.0399),Yes
98,4,Left,tensor(28.9990),Yes
99,3,Left,tensor(63.9628),No
99,5,Right,tensor(34.1834),Yes
99,2,Right,tensor(9.7327),Yes
99,4,Left,tensor(30.3719),Yes
100,3,Left,tensor(67.0185),No
100,5,Right,tensor(28.2308),Yes
100,4,Left,tensor(30.7668),Yes
100,2,Right,tensor(14.4456),Yes
101,3,Left,tensor(67.1565),No
101,5,Right,tensor(27.1620),Yes
101,4,Left,tensor(29.8113),Yes
101,2,Right,tensor(10.6629),Yes
102,3,Left,tensor(68.3794),No
102,5,Right,tensor(26.9299),Yes
102,4,Left,tensor(25.7354),Yes
102,2,Right,tensor(10.5328),Yes
103,3,Left,tensor(72.0852),No
103,5,Right,tensor(26.5771),Yes
103,4,Left,tensor(36.8330),Yes
103,2,Right,tensor(12.9140),Yes
104,3,Left,tensor(72.8817),No
104,5,Right,tensor(25.9941),Yes
104,4,Left,tensor(32.4943),Yes
104,2,Right,tensor(11.1344),Yes
105,3,Left,tensor(71.9872),No
105,5,Right,tensor(24.6792),Yes
105,4,Left,tensor(31.9636),Yes
105,2,Right,tensor(11.2827),Yes
106,3,Left,tensor(76.2178),No
106,5,Right,tensor(21.0326),Yes
106,4,Left,tensor(33.8497),Yes
106,2,Right,tensor(11.4214),Yes
106,7,Left,tensor(14.3813),Yes
107,3,Left,tensor(75.8325),No
107,4,Left,tensor(31.8714),Yes
107,5,Right,tensor(22.1538),Yes
107,2,Right,tensor(7.7211),Yes
108,3,Left,tensor(81.8583),No
108,4,Left,tensor(31.9772),Yes
108,5,Right,tensor(24.4106),Yes
108,2,Right,tensor(13.2230),Yes
109,3,Left,tensor(78.5903),No
109,5,Right,tensor(21.3776),Yes
109,4,Left,tensor(34.8483),Yes
109,2,Right,tensor(8.0760),Yes
110,3,Left,tensor(81.6604),No
110,5,Right,tensor(22.7096),Yes
110,4,Left,tensor(33.8071),Yes
110,2,Right,tensor(8.5779),Yes
111,3,Left,tensor(83.4892),No
111,5,Right,tensor(17.5553),Yes
111,4,Left,tensor(36.6437),Yes
111,2,Right,tensor(9.1834),Yes
112,3,Left,tensor(82.6890),No
112,5,Right,tensor(19.0126),Yes
112,4,Left,tensor(33.7080),Yes
112,2,Right,tensor(8.8266),Yes
113,3,Left,tensor(85.3905),No
113,5,Right,tensor(18.3106),Yes
113,4,Left,tensor(39.5586),Yes
113,2,Right,tensor(8.4905),Yes
114,3,Left,tensor(86.6986),No
114,5,Right,tensor(15.7059),Yes
114,4,Left,tensor(36.6387),Yes
114,2,Right,tensor(7.5292),Yes
115,3,Left,tensor(90.9322),No
115,4,Left,tensor(36.5168),Yes
115,5,Right,tensor(15.7415),Yes
115,2,Right,tensor(10.6277),Yes
116,3,Left,tensor(92.0069),No
116,5,Right,tensor(16.0280),Yes
116,4,Left,tensor(37.7286),Yes
116,2,Right,tensor(9.5778),Yes
117,3,Left,tensor(96.6500),No
117,4,Left,tensor(39.3967),Yes
117,5,Right,tensor(17.0802),Yes
117,2,Right,tensor(7.7094),Yes
118,3,Left,tensor(101.2698),No
118,4,Left,tensor(40.7580),Yes
118,5,Right,tensor(17.4982),Yes
118,1,Right,tensor(9.7044),Yes
119,3,Left,tensor(103.2271),No
119,4,Left,tensor(38.9048),Yes
119,5,Right,tensor(11.6453),Yes
119,1,Right,tensor(7.8016),Yes
119,7,Left,tensor(14.8469),Yes
120,3,Left,tensor(108.3679),No
120,4,Left,tensor(41.3186),Yes
120,5,Right,tensor(13.4263),Yes
120,1,Right,tensor(8.3471),Yes
120,7,Left,tensor(13.8028),Yes
121,3,Left,tensor(106.4001),No
121,4,Left,tensor(40.8299),Yes
121,5,Right,tensor(13.0967),Yes
121,1,Right,tensor(10.0270),Yes
121,7,Left,tensor(19.4821),Yes
122,3,Left,tensor(107.5653),No
122,4,Left,tensor(41.2963),Yes
122,5,Right,tensor(13.1168),Yes
122,7,Left,tensor(18.0193),Yes
122,1,Right,tensor(9.4887),Yes
123,3,Left,tensor(114.1714),No
123,4,Left,tensor(43.1541),Yes
123,5,Right,tensor(11.2445),Yes
123,7,Left,tensor(13.8468),Yes
123,1,Right,tensor(7.3744),Yes
124,3,Left,tensor(115.4676),No
124,4,Left,tensor(44.3461),Yes
124,5,Right,tensor(10.4028),Yes
124,1,Right,tensor(7.3115),Yes
124,7,Left,tensor(16.8015),Yes
125,0,Left,tensor(116.8275),No
125,10,Right,tensor(98.1916),Yes
125,4,Left,tensor(44.0178),Yes
125,5,Right,tensor(10.9229),Yes
125,1,Right,tensor(8.6147),Yes
125,7,Left,tensor(20.4559),Yes
126,0,Left,tensor(125.5272),No
126,10,Right,tensor(98.8805),Yes
126,4,Left,tensor(45.7840),Yes
126,5,Right,tensor(12.3034),Yes
126,1,Right,tensor(7.7058),Yes
126,7,Left,tensor(18.2414),Yes
127,0,Left,tensor(123.5048),No
127,10,Right,tensor(94.5620),Yes
127,4,Left,tensor(47.1078),Yes
127,5,Right,tensor(10.2842),Yes
127,1,Right,tensor(9.7242),Yes
127,7,Left,tensor(17.0167),Yes
128,10,Right,tensor(96.8296),No
128,4,Left,tensor(47.5553),Yes
128,0,Left,tensor(131.2233),No
128,1,Right,tensor(4.2464),Yes
128,5,Right,tensor(10.5472),Yes
128,7,Left,tensor(21.5910),Yes
129,10,Right,tensor(93.7796),No
129,4,Left,tensor(48.0298),Yes
129,5,Right,tensor(9.9465),Yes
129,0,Left,tensor(132.3789),No
129,1,Right,tensor(8.2422),Yes
129,7,Left,tensor(18.3298),Yes
130,4,Left,tensor(45.9005),No
130,10,Right,tensor(89.7644),No
130,5,Right,tensor(8.1061),Yes
130,1,Right,tensor(4.9228),Yes
130,7,Left,tensor(18.7422),Yes
131,10,Right,tensor(84.7972),No
131,4,Left,tensor(50.1940),Yes
131,5,Right,tensor(9.6811),Yes
131,7,Left,tensor(19.8194),Yes
131,1,Right,tensor(10.7728),Yes
132,10,Right,tensor(81.8354),No
132,4,Left,tensor(48.3820),Yes
132,5,Right,tensor(10.8368),Yes
132,7,Left,tensor(16.6159),Yes
132,1,Right,tensor(6.3564),Yes
133,10,Right,tensor(78.8112),No
133,4,Left,tensor(50.7877),Yes
133,5,Right,tensor(6.4546),Yes
133,7,Left,tensor(22.8127),Yes
133,1,Right,tensor(6.5696),Yes
134,10,Right,tensor(77.7778),No
134,4,Left,tensor(51.9774),Yes
134,7,Left,tensor(17.4243),Yes
134,5,Right,tensor(9.4970),Yes
134,1,Right,tensor(8.3031),Yes
135,4,Left,tensor(53.6018),No
135,10,Right,tensor(74.2150),No
135,5,Right,tensor(7.5919),Yes
135,7,Left,tensor(18.7986),Yes
135,1,Right,tensor(6.2479),Yes
136,4,Left,tensor(53.4176),No
136,10,Right,tensor(74.9596),No
136,7,Left,tensor(20.9124),Yes
136,5,Right,tensor(6.3533),Yes
136,1,Right,tensor(5.8951),Yes
137,10,Right,tensor(69.1704),No
137,4,Left,tensor(54.8828),Yes
137,5,Right,tensor(5.9898),Yes
137,7,Left,tensor(19.4476),Yes
138,10,Right,tensor(67.2725),No
138,4,Left,tensor(55.6519),Yes
138,7,Left,tensor(22.3577),Yes
138,5,Right,tensor(6.5948),Yes
139,10,Right,tensor(70.3346),No
139,4,Left,tensor(57.1624),Yes
139,7,Left,tensor(22.1016),Yes
139,5,Right,tensor(6.8921),Yes
140,10,Right,tensor(65.4771),No
140,4,Left,tensor(58.7453),Yes
140,7,Left,tensor(23.9848),Yes
140,5,Right,tensor(5.9846),Yes
141,4,Left,tensor(60.6797),No
141,10,Right,tensor(67.2682),No
141,7,Left,tensor(21.5469),Yes
141,5,Right,tensor(6.3533),Yes
142,4,Left,tensor(60.3673),No
142,10,Right,tensor(60.3180),Yes
142,7,Left,tensor(23.7496),Yes
142,5,Right,tensor(5.6097),Yes
143,4,Left,tensor(63.1432),No
143,10,Right,tensor(61.0627),Yes
143,7,Left,tensor(33.4971),Yes
143,5,Right,tensor(5.4633),Yes
144,4,Left,tensor(63.3678),No
144,10,Right,tensor(59.2204),Yes
144,7,Left,tensor(17.0951),Yes
144,5,Right,tensor(4.2753),Yes
145,4,Left,tensor(63.7461),No
145,10,Right,tensor(60.1031),Yes
145,7,Left,tensor(19.6214),Yes
145,5,Right,tensor(6.5486),Yes
146,4,Left,tensor(67.6719),No
146,10,Right,tensor(56.7406),Yes
146,7,Left,tensor(23.4676),Yes
146,5,Right,tensor(5.7515),Yes
147,4,Left,tensor(68.7871),No
147,7,Left,tensor(23.6683),Yes
147,10,Right,tensor(54.2166),No
147,5,Right,tensor(5.8694),Yes
148,4,Left,tensor(68.6539),No
148,7,Left,tensor(25.4935),Yes
148,10,Right,tensor(53.8148),No
148,5,Right,tensor(6.5623),Yes
149,4,Left,tensor(69.0144),No
149,10,Right,tensor(52.2020),Yes
149,7,Left,tensor(24.7104),Yes
149,5,Right,tensor(3.6178),Yes
150,4,Left,tensor(72.3552),No
150,7,Left,tensor(28.3182),Yes
150,10,Right,tensor(51.9208),No
150,5,Right,tensor(4.8884),Yes
151,4,Left,tensor(76.6825),No
151,7,Left,tensor(29.5557),Yes
151,10,Right,tensor(50.0494),Yes
151,5,Right,tensor(4.7150),Yes
152,4,Left,tensor(75.4297),No
152,7,Left,tensor(27.7837),Yes
152,10,Right,tensor(48.7774),Yes
152,5,Right,tensor(5.7404),Yes
153,4,Left,tensor(80.1636),No
153,7,Left,tensor(28.7677),Yes
153,10,Right,tensor(46.5411),Yes
153,5,Right,tensor(3.1353),Yes
154,4,Left,tensor(77.1617),No
154,7,Left,tensor(29.2076),Yes
154,10,Right,tensor(44.4506),Yes
154,5,Right,tensor(5.5325),Yes
155,4,Left,tensor(80.6807),No
155,10,Right,tensor(44.0121),Yes
155,7,Left,tensor(30.7253),Yes
155,5,Right,tensor(5.3961),Yes
156,4,Left,tensor(79.3727),No
156,7,Left,tensor(29.5035),Yes
156,10,Right,tensor(42.0002),Yes
156,5,Right,tensor(5.8793),Yes
157,4,Left,tensor(82.4224),No
157,7,Left,tensor(34.0313),Yes
157,10,Right,tensor(40.7711),Yes
157,5,Right,tensor(4.8804),Yes
158,4,Left,tensor(84.6632),No
158,7,Left,tensor(31.7966),Yes
158,10,Right,tensor(40.2500),Yes
158,5,Right,tensor(3.4730),Yes
159,4,Left,tensor(85.4974),No
159,7,Left,tensor(32.3661),Yes
159,10,Right,tensor(39.0041),Yes
159,2,Right,tensor(3.4800),Yes
160,4,Left,tensor(89.3068),No
160,10,Right,tensor(38.4456),Yes
160,7,Left,tensor(34.5582),Yes
160,2,Right,tensor(2.2038),Yes
161,4,Left,tensor(89.7714),No
161,7,Left,tensor(33.5636),Yes
161,10,Right,tensor(36.9579),Yes
161,2,Right,tensor(3.7809),Yes
162,4,Left,tensor(93.3935),No
162,7,Left,tensor(35.0803),Yes
162,10,Right,tensor(35.9548),Yes
162,2,Right,tensor(1.8930),Yes
162,11,Left,tensor(10.4158),Yes
163,4,Left,tensor(92.8641),No
163,7,Left,tensor(37.0976),Yes
163,10,Right,tensor(36.0809),Yes
163,2,Right,tensor(4.2561),Yes
163,11,Left,tensor(11.1003),Yes
164,4,Left,tensor(97.3664),No
164,7,Left,tensor(35.7638),Yes
164,10,Right,tensor(34.5256),Yes
164,11,Left,tensor(10.2250),Yes
164,2,Right,tensor(5.0334),Yes
165,4,Left,tensor(99.7716),No
165,7,Left,tensor(34.8396),Yes
165,10,Right,tensor(32.3185),Yes
165,11,Left,tensor(11.1554),Yes
165,2,Right,tensor(2.3741),Yes
166,4,Left,tensor(110.4973),No
166,7,Left,tensor(38.2351),Yes
166,10,Right,tensor(32.8864),Yes
166,11,Left,tensor(11.2598),Yes
166,2,Right,tensor(2.4971),Yes
167,4,Left,tensor(108.8843),No
167,10,Right,tensor(30.2242),Yes
167,7,Left,tensor(38.7271),Yes
167,11,Left,tensor(9.5569),Yes
167,2,Right,tensor(2.5259),Yes
168,4,Left,tensor(112.3526),No
168,7,Left,tensor(39.1282),Yes
168,10,Right,tensor(31.1167),Yes
168,11,Left,tensor(11.4811),Yes
168,2,Right,tensor(4.0860),Yes
169,3,Left,tensor(111.1327),No
169,7,Left,tensor(41.9085),Yes
169,10,Right,tensor(29.6150),Yes
169,11,Left,tensor(10.3364),Yes
169,2,Right,tensor(3.4753),Yes
170,3,Left,tensor(115.9391),No
170,7,Left,tensor(42.0886),Yes
170,10,Right,tensor(29.6819),Yes
170,11,Left,tensor(13.4630),Yes
171,3,Left,tensor(121.2877),No
171,7,Left,tensor(43.5635),Yes
171,10,Right,tensor(30.7320),Yes
171,11,Left,tensor(12.6231),Yes
171,2,Right,tensor(0.9941),Yes
172,3,Left,tensor(121.4680),No
172,7,Left,tensor(43.3961),Yes
172,10,Right,tensor(28.8632),Yes
172,11,Left,tensor(13.0564),Yes
172,2,Right,tensor(3.4579),Yes
173,7,Left,tensor(45.4229),No
173,0,Left,tensor(132.3065),No
173,10,Right,tensor(27.3374),Yes
173,11,Left,tensor(14.7209),Yes
173,2,Right,tensor(0.7979),Yes
174,0,Left,tensor(119.5445),No
174,7,Left,tensor(44.9963),Yes
174,10,Right,tensor(25.5098),Yes
174,11,Left,tensor(15.5312),Yes
175,7,Left,tensor(46.2321),No
175,10,Right,tensor(28.5098),Yes
175,11,Left,tensor(15.1834),Yes
175,0,Left,tensor(119.2242),No
175,2,Right,tensor(2.7707),Yes
176,7,Left,tensor(48.2235),No
176,10,Right,tensor(25.3467),Yes
176,11,Left,tensor(15.6614),Yes
176,2,Right,tensor(0.1123),Yes
177,7,Left,tensor(49.4958),No
177,10,Right,tensor(23.7055),Yes
177,11,Left,tensor(15.1648),Yes
178,7,Left,tensor(50.8124),No
178,10,Right,tensor(26.8981),Yes
178,11,Left,tensor(16.9718),Yes
179,7,Left,tensor(49.7429),No
179,10,Right,tensor(23.0087),Yes
179,11,Left,tensor(15.3203),Yes
180,7,Left,tensor(54.0718),No
180,10,Right,tensor(24.3028),Yes
180,11,Left,tensor(16.1386),Yes
181,7,Left,tensor(53.5985),No
181,10,Right,tensor(25.6168),Yes
181,11,Left,tensor(19.1041),Yes
182,7,Left,tensor(53.0115),No
182,10,Right,tensor(20.8136),Yes
182,11,Left,tensor(19.0827),Yes
183,7,Left,tensor(55.9995),No
183,10,Right,tensor(22.0173),Yes
183,11,Left,tensor(16.7390),Yes
184,7,Left,tensor(55.5419),No
184,10,Right,tensor(22.3468),Yes
184,11,Left,tensor(16.0159),Yes
185,7,Left,tensor(57.9112),No
185,10,Right,tensor(22.4922),Yes
185,11,Left,tensor(18.2947),Yes
186,7,Left,tensor(56.3782),No
186,10,Right,tensor(24.2678),Yes
186,11,Left,tensor(21.8311),Yes
187,7,Left,tensor(59.2674),No
187,10,Right,tensor(19.5427),Yes
187,11,Left,tensor(18.5587),Yes
188,7,Left,tensor(64.3762),No
188,10,Right,tensor(18.5245),Yes
188,11,Left,tensor(18.9215),Yes
189,7,Left,tensor(65.3856),No
189,10,Right,tensor(20.5196),Yes
189,11,Left,tensor(22.7415),Yes
190,7,Left,tensor(66.4510),No
190,10,Right,tensor(20.9178),Yes
190,11,Left,tensor(17.6066),Yes
191,7,Left,tensor(71.7493),No
191,10,Right,tensor(19.1272),Yes
191,11,Left,tensor(18.1613),Yes
192,7,Left,tensor(79.6360),No
192,10,Right,tensor(19.1517),Yes
192,11,Left,tensor(15.1201),Yes
193,7,Left,tensor(72.6014),No
193,10,Right,tensor(17.8008),Yes
193,11,Left,tensor(20.7085),Yes
194,7,Left,tensor(73.8792),No
194,10,Right,tensor(17.1739),Yes
194,11,Left,tensor(18.4360),Yes
195,7,Left,tensor(76.8964),No
195,10,Right,tensor(19.5673),Yes
195,11,Left,tensor(16.9919),Yes
196,7,Left,tensor(81.3423),No
196,10,Right,tensor(15.9395),Yes
196,11,Left,tensor(18.4667),Yes
197,7,Left,tensor(78.8402),No
197,10,Right,tensor(16.1232),Yes
197,11,Left,tensor(18.0991),Yes
198,7,Left,tensor(84.5253),No
198,10,Right,tensor(15.6244),Yes
198,11,Left,tensor(19.5322),Yes
199,7,Left,tensor(83.4644),No
199,10,Right,tensor(15.0668),Yes
199,11,Left,tensor(20.3192),Yes
200,7,Left,tensor(88.6117),No
200,10,Right,tensor(16.1802),Yes
200,11,Left,tensor(21.8116),Yes
201,10,Right,tensor(17.6796),No
201,11,Left,tensor(19.2955),No
202,1,Right,tensor(15.4225),No
202,11,Left,tensor(19.3094),No
203,1,Right,tensor(12.2088),No
203,11,Left,tensor(21.0508),No
204,1,Right,tensor(13.3829),No
204,11,Left,tensor(22.5094),No
205,1,Right,tensor(13.9282),No
205,11,Left,tensor(21.1075),No
206,1,Right,tensor(14.1132),No
206,11,Left,tensor(21.7280),No
207,1,Right,tensor(13.6413),No
207,11,Left,tensor(25.8080),No
208,1,Right,tensor(13.8461),No
208,11,Left,tensor(23.5169),No
209,1,Right,tensor(13.2652),No
209,11,Left,tensor(23.1653),No
210,1,Right,tensor(13.5898),No
210,11,Left,tensor(25.4062),No
211,1,Right,tensor(14.0497),No
211,11,Left,tensor(26.6606),No
212,1,Right,tensor(11.8527),No
212,11,Left,tensor(24.1207),No
213,1,Right,tensor(11.1809),No
213,11,Left,tensor(26.1504),No
214,1,Right,tensor(14.8638),No
214,11,Left,tensor(22.8418),No
215,1,Right,tensor(10.0847),No
215,11,Left,tensor(27.0637),No
216,1,Right,tensor(13.5483),No
216,11,Left,tensor(29.3941),No
217,1,Right,tensor(11.9558),No
217,11,Left,tensor(28.1649),No
218,1,Right,tensor(11.5374),No
218,11,Left,tensor(25.8459),No
219,1,Right,tensor(11.2200),No
219,11,Left,tensor(31.0182),No
220,1,Right,tensor(12.7295),No
220,11,Left,tensor(27.2711),No
221,1,Right,tensor(8.6840),No
221,11,Left,tensor(28.3994),No
222,1,Right,tensor(11.1761),No
222,11,Left,tensor(29.5425),No
223,1,Right,tensor(11.2251),No
223,11,Left,tensor(32.4134),No
224,1,Right,tensor(8.1536),No
224,11,Left,tensor(32.9305),No
225,1,Right,tensor(9.3533),No
225,11,Left,tensor(28.7209),No
226,1,Right,tensor(8.6611),No
226,11,Left,tensor(29.4966),No
227,1,Right,tensor(7.2683),No
227,11,Left,tensor(33.2435),No
228,1,Right,tensor(9.6999),No
228,11,Left,tensor(31.9033),No
229,1,Right,tensor(8.1500),No
229,11,Left,tensor(34.1579),No
230,11,Left,tensor(33.0359),No
230,1,Right,tensor(9.0288),Yes
231,11,Left,tensor(33.6094),No
231,1,Right,tensor(6.6360),Yes
232,11,Left,tensor(32.7539),No
232,1,Right,tensor(11.6043),Yes
233,11,Left,tensor(35.2822),No
233,1,Right,tensor(10.7780),Yes
234,11,Left,tensor(38.1667),No
234,1,Right,tensor(8.5181),Yes
235,11,Left,tensor(37.7666),No
235,1,Right,tensor(8.2187),Yes
236,11,Left,tensor(37.9587),No
236,1,Right,tensor(8.4430),Yes
237,11,Left,tensor(37.8160),No
237,12,Left,tensor(15.7602),Yes
237,1,Right,tensor(8.3465),Yes
238,11,Left,tensor(39.7297),No
238,12,Left,tensor(16.3143),Yes
238,1,Right,tensor(7.6708),Yes
239,11,Left,tensor(39.5761),No
239,12,Left,tensor(18.9392),Yes
239,1,Right,tensor(8.6044),Yes
240,11,Left,tensor(41.1457),No
240,1,Right,tensor(9.3408),Yes
240,12,Left,tensor(18.0001),Yes
241,11,Left,tensor(42.6402),No
241,12,Left,tensor(19.3667),Yes
241,1,Right,tensor(6.4767),Yes
242,11,Left,tensor(42.5170),No
242,1,Right,tensor(6.3850),Yes
242,12,Left,tensor(15.7168),Yes
243,11,Left,tensor(44.3081),No
243,9,Right,tensor(91.5207),No
243,1,Right,tensor(6.4571),Yes
243,12,Left,tensor(20.2608),Yes
244,11,Left,tensor(43.4676),No
244,9,Right,tensor(93.4985),No
244,12,Left,tensor(19.1510),Yes
244,1,Right,tensor(7.9232),Yes
245,11,Left,tensor(45.2790),No
245,9,Right,tensor(91.0542),No
245,12,Left,tensor(20.2123),Yes
245,1,Right,tensor(7.2566),Yes
246,11,Left,tensor(46.3556),No
246,9,Right,tensor(85.2914),No
246,12,Left,tensor(19.8236),Yes
246,1,Right,tensor(7.0100),Yes
247,11,Left,tensor(47.5710),No
247,9,Right,tensor(81.4112),No
247,12,Left,tensor(19.4487),Yes
247,1,Right,tensor(7.0327),Yes
248,11,Left,tensor(48.1222),No
248,9,Right,tensor(83.3841),No
248,13,Right,tensor(33.5271),Yes
248,12,Left,tensor(20.9538),Yes
249,11,Left,tensor(49.2703),No
249,9,Right,tensor(78.7174),No
249,13,Right,tensor(39.5884),Yes
249,12,Left,tensor(20.4303),Yes
250,11,Left,tensor(50.1483),No
250,13,Right,tensor(40.2912),Yes
250,12,Left,tensor(19.5646),Yes
251,11,Left,tensor(50.5720),No
251,13,Right,tensor(39.7029),Yes
251,14,Right,tensor(81.1069),No
251,12,Left,tensor(21.8056),Yes
252,11,Left,tensor(51.0339),No
252,13,Right,tensor(36.0124),Yes
252,12,Left,tensor(21.7196),Yes
253,11,Left,tensor(51.5718),No
253,15,Right,tensor(77.1363),No
253,13,Right,tensor(36.0682),Yes
253,12,Left,tensor(19.9946),Yes
254,13,Right,tensor(35.8842),No
254,15,Right,tensor(72.5426),No
254,11,Left,tensor(53.9833),Yes
254,12,Left,tensor(21.1755),Yes
255,11,Left,tensor(55.4862),No
255,13,Right,tensor(32.3208),Yes
255,15,Right,tensor(74.5350),No
255,12,Left,tensor(22.6164),Yes
256,11,Left,tensor(56.8303),No
256,13,Right,tensor(32.6749),Yes
256,15,Right,tensor(69.9925),No
256,12,Left,tensor(24.9485),Yes
257,13,Right,tensor(35.0746),No
257,11,Left,tensor(57.4767),No
257,12,Left,tensor(20.7453),Yes
257,15,Right,tensor(68.3911),No
258,17,Right,tensor(63.1941),No
258,13,Right,tensor(30.3757),Yes
258,11,Left,tensor(60.6860),No
258,15,Right,tensor(63.7892),No
258,12,Left,tensor(23.1579),Yes
259,17,Right,tensor(65.3160),No
259,11,Left,tensor(58.0877),Yes
259,15,Right,tensor(63.1938),No
259,13,Right,tensor(32.1885),Yes
259,12,Left,tensor(22.8223),Yes
260,17,Right,tensor(54.2160),No
260,15,Right,tensor(64.1774),No
260,11,Left,tensor(58.3678),Yes
260,13,Right,tensor(30.7639),Yes
260,12,Left,tensor(21.8840),Yes
260,16,Left,tensor(28.5444),Yes
261,17,Right,tensor(53.1310),No
261,11,Left,tensor(60.7276),No
261,15,Right,tensor(63.4653),No
261,12,Left,tensor(26.4168),Yes
261,13,Right,tensor(30.3976),Yes
261,16,Left,tensor(31.8211),Yes
262,17,Right,tensor(47.4197),No
262,11,Left,tensor(63.6961),No
262,15,Right,tensor(57.7232),No
262,12,Left,tensor(25.5043),Yes
262,13,Right,tensor(29.3667),Yes
262,16,Left,tensor(29.1822),Yes
263,17,Right,tensor(57.2335),No
263,11,Left,tensor(63.1006),No
263,12,Left,tensor(25.8156),Yes
263,15,Right,tensor(59.9157),No
263,13,Right,tensor(29.7466),Yes
264,17,Right,tensor(48.7432),No
264,11,Left,tensor(61.4030),No
264,15,Right,tensor(55.6207),No
264,13,Right,tensor(29.0422),Yes
264,12,Left,tensor(26.6145),Yes
265,17,Right,tensor(47.4252),No
265,12,Left,tensor(25.4185),Yes
265,11,Left,tensor(64.4802),No
265,13,Right,tensor(27.7461),Yes
265,15,Right,tensor(55.7591),No
265,16,Left,tensor(27.9627),Yes
266,17,Right,tensor(49.2063),No
266,11,Left,tensor(70.7848),No
266,12,Left,tensor(26.4730),Yes
266,13,Right,tensor(28.0760),Yes
266,15,Right,tensor(57.8684),No
267,17,Right,tensor(42.3061),No
267,11,Left,tensor(71.1251),No
267,12,Left,tensor(26.8752),Yes
267,15,Right,tensor(51.2603),No
267,13,Right,tensor(27.1727),Yes
267,16,Left,tensor(31.7844),Yes
268,11,Left,tensor(72.8306),No
268,17,Right,tensor(45.1391),Yes
268,13,Right,tensor(26.4640),Yes
268,12,Left,tensor(28.2108),Yes
268,16,Left,tensor(31.8861),Yes
268,15,Right,tensor(50.6445),No
269,11,Left,tensor(74.1304),No
269,17,Right,tensor(45.5066),Yes
269,15,Right,tensor(47.2581),Yes
269,13,Right,tensor(23.8999),Yes
269,12,Left,tensor(28.3865),Yes
269,16,Left,tensor(33.8458),Yes
270,11,Left,tensor(80.1205),No
270,17,Right,tensor(43.9026),Yes
270,15,Right,tensor(47.9234),Yes
270,13,Right,tensor(25.6560),Yes
270,12,Left,tensor(29.7028),Yes
271,11,Left,tensor(77.9756),No
271,17,Right,tensor(43.6756),Yes
271,15,Right,tensor(48.1819),Yes
271,13,Right,tensor(24.8836),Yes
271,12,Left,tensor(28.7732),Yes
271,16,Left,tensor(35.0581),Yes
272,11,Left,tensor(77.4855),No
272,17,Right,tensor(40.0341),Yes
272,13,Right,tensor(23.7998),Yes
272,12,Left,tensor(30.9735),Yes
272,15,Right,tensor(49.0983),No
272,16,Left,tensor(33.1677),Yes
273,12,Left,tensor(29.9633),No
273,13,Right,tensor(23.9581),Yes
273,11,Left,tensor(75.3734),No
273,17,Right,tensor(38.9847),Yes
273,16,Left,tensor(34.6472),Yes
273,15,Right,tensor(47.3981),No
274,11,Left,tensor(78.1166),No
274,12,Left,tensor(31.5121),Yes
274,13,Right,tensor(24.9603),Yes
274,15,Right,tensor(48.3948),No
274,17,Right,tensor(38.4018),Yes
274,16,Left,tensor(38.1745),Yes
275,11,Left,tensor(84.0468),No
275,15,Right,tensor(45.9837),Yes
275,12,Left,tensor(32.0944),Yes
275,17,Right,tensor(35.8647),Yes
275,13,Right,tensor(22.7705),Yes
275,16,Left,tensor(35.0923),Yes
276,11,Left,tensor(83.3940),No
276,15,Right,tensor(43.7056),Yes
276,12,Left,tensor(33.2830),Yes
276,17,Right,tensor(35.4394),Yes
276,13,Right,tensor(23.8795),Yes
276,16,Left,tensor(36.4620),Yes
277,11,Left,tensor(86.7972),No
277,15,Right,tensor(43.3506),Yes
277,12,Left,tensor(35.7601),Yes
277,17,Right,tensor(34.5802),Yes
277,13,Right,tensor(22.6681),Yes
277,16,Left,tensor(38.3959),Yes
278,11,Left,tensor(87.0788),No
278,12,Left,tensor(35.3390),Yes
278,13,Right,tensor(20.1330),Yes
278,17,Right,tensor(33.1798),Yes
278,15,Right,tensor(41.7729),Yes
278,16,Left,tensor(38.3473),Yes
279,11,Left,tensor(91.9078),No
279,12,Left,tensor(37.3430),Yes
279,15,Right,tensor(40.0024),Yes
279,17,Right,tensor(30.5938),Yes
279,13,Right,tensor(21.0235),Yes
279,16,Left,tensor(38.8852),Yes
280,11,Left,tensor(93.2169),No
280,12,Left,tensor(38.8056),Yes
280,17,Right,tensor(31.0251),Yes
280,15,Right,tensor(40.1856),Yes
280,16,Left,tensor(39.5306),Yes
280,13,Right,tensor(19.3177),Yes
281,11,Left,tensor(94.5059),No
281,15,Right,tensor(38.2988),Yes
281,17,Right,tensor(31.8687),Yes
281,12,Left,tensor(36.0811),Yes
281,16,Left,tensor(41.5220),Yes
281,13,Right,tensor(19.4409),Yes
282,11,Left,tensor(97.6092),No
282,12,Left,tensor(39.3647),Yes
282,17,Right,tensor(29.4189),Yes
282,13,Right,tensor(18.2034),Yes
282,16,Left,tensor(41.8360),Yes
282,15,Right,tensor(36.8238),Yes
283,11,Left,tensor(103.6434),No
283,18,Right,tensor(81.3049),Yes
283,12,Left,tensor(36.7285),Yes
283,15,Right,tensor(37.0669),Yes
283,16,Left,tensor(40.5800),Yes
283,13,Right,tensor(17.5406),Yes
283,17,Right,tensor(29.0967),Yes
284,11,Left,tensor(104.1907),No
284,12,Left,tensor(39.9048),Yes
284,13,Right,tensor(17.6291),Yes
284,17,Right,tensor(28.0264),Yes
284,15,Right,tensor(37.2454),Yes
284,18,Right,tensor(79.8429),No
284,16,Left,tensor(41.5206),Yes
285,4,Left,tensor(109.3701),No
285,12,Left,tensor(42.1810),Yes
285,13,Right,tensor(16.5958),Yes
285,16,Left,tensor(42.1184),Yes
285,18,Right,tensor(80.1207),No
285,17,Right,tensor(25.7793),Yes
285,15,Right,tensor(34.2760),Yes
286,4,Left,tensor(111.6581),No
286,18,Right,tensor(80.9498),Yes
286,13,Right,tensor(17.1264),Yes
286,12,Left,tensor(41.4405),Yes
286,16,Left,tensor(45.3329),Yes
286,17,Right,tensor(25.4646),Yes
286,15,Right,tensor(35.1181),Yes
286,19,Left,tensor(9.5223),Yes
287,4,Left,tensor(111.8884),No
287,12,Left,tensor(41.2809),Yes
287,18,Right,tensor(75.6623),Yes
287,16,Left,tensor(44.7809),Yes
287,17,Right,tensor(25.4328),Yes
287,15,Right,tensor(34.6850),Yes
287,13,Right,tensor(15.6844),Yes
288,4,Left,tensor(113.7034),No
288,18,Right,tensor(67.6040),Yes
288,12,Left,tensor(43.6850),Yes
288,15,Right,tensor(32.5253),Yes
288,17,Right,tensor(24.6964),Yes
288,16,Left,tensor(46.0076),Yes
288,13,Right,tensor(16.1862),Yes
289,3,Left,tensor(117.5422),No
289,18,Right,tensor(61.2989),Yes
289,12,Left,tensor(46.2478),Yes
289,16,Left,tensor(45.9451),Yes
289,15,Right,tensor(33.1274),Yes
289,13,Right,tensor(14.9764),Yes
289,17,Right,tensor(23.6313),Yes
290,3,Left,tensor(104.9528),No
290,12,Left,tensor(49.8609),Yes
290,18,Right,tensor(59.3710),Yes
290,15,Right,tensor(32.2865),Yes
290,16,Left,tensor(49.1605),Yes
290,13,Right,tensor(15.5723),Yes
290,17,Right,tensor(23.2355),Yes
291,18,Right,tensor(58.0017),No
291,12,Left,tensor(46.0806),Yes
291,16,Left,tensor(47.9847),Yes
291,15,Right,tensor(29.8538),Yes
291,0,Left,tensor(116.6340),No
291,17,Right,tensor(22.2097),Yes
291,13,Right,tensor(12.9746),Yes
291,20,Left,tensor(31.2157),Yes
292,0,Left,tensor(124.6750),No
292,18,Right,tensor(58.8023),Yes
292,12,Left,tensor(48.3999),Yes
292,16,Left,tensor(51.6999),Yes
292,15,Right,tensor(29.4969),Yes
292,17,Right,tensor(22.7246),Yes
292,13,Right,tensor(14.3717),Yes
292,20,Left,tensor(32.5434),Yes
293,18,Right,tensor(57.0205),No
293,12,Left,tensor(52.2920),Yes
293,16,Left,tensor(51.3383),Yes
293,17,Right,tensor(20.8288),Yes
293,15,Right,tensor(30.0073),Yes
293,0,Left,tensor(128.9625),No
293,13,Right,tensor(14.2555),Yes
293,20,Left,tensor(33.9956),Yes
294,18,Right,tensor(57.3583),No
294,12,Left,tensor(53.1899),Yes
294,16,Left,tensor(51.0797),Yes
294,15,Right,tensor(28.2276),Yes
294,17,Right,tensor(20.1643),Yes
294,20,Left,tensor(32.6013),Yes
294,0,Left,tensor(135.3478),No
294,13,Right,tensor(13.4064),Yes
295,18,Right,tensor(53.2238),No
295,12,Left,tensor(53.8886),No
295,16,Left,tensor(53.1852),Yes
295,15,Right,tensor(27.7666),Yes
295,17,Right,tensor(19.9782),Yes
295,20,Left,tensor(35.0352),Yes
296,18,Right,tensor(49.2264),No
296,12,Left,tensor(56.5759),No
296,16,Left,tensor(55.3933),No
296,15,Right,tensor(27.1304),Yes
296,13,Right,tensor(18.1453),Yes
296,20,Left,tensor(32.6157),Yes
297,18,Right,tensor(50.9200),No
297,16,Left,tensor(55.0438),No
297,12,Left,tensor(56.3361),No
297,15,Right,tensor(26.6024),Yes
297,13,Right,tensor(20.2434),Yes
297,20,Left,tensor(34.8049),Yes
298,12,Left,tensor(59.0476),No
298,18,Right,tensor(47.4328),Yes
298,16,Left,tensor(56.6578),No
298,20,Left,tensor(36.3517),Yes
298,15,Right,tensor(27.3574),Yes
298,13,Right,tensor(17.6335),Yes
299,18,Right,tensor(49.3394),No
299,12,Left,tensor(61.7398),No
299,16,Left,tensor(57.4997),No
299,20,Left,tensor(35.8735),Yes
299,15,Right,tensor(24.5378),Yes
299,13,Right,tensor(18.4311),Yes
300,12,Left,tensor(63.0002),No
300,18,Right,tensor(46.5218),Yes
300,16,Left,tensor(60.2074),No
300,15,Right,tensor(26.0872),Yes
300,20,Left,tensor(38.1302),Yes
300,13,Right,tensor(16.6970),Yes
300,21,Right,tensor(10.3648),Yes
301,12,Left,tensor(63.9776),No
301,16,Left,tensor(62.7299),Yes
301,18,Right,tensor(43.9433),Yes
301,20,Left,tensor(36.6618),Yes
301,15,Right,tensor(24.5543),Yes
301,13,Right,tensor(16.9362),Yes
302,12,Left,tensor(63.2351),No
302,18,Right,tensor(44.4750),Yes
302,16,Left,tensor(64.8674),No
302,15,Right,tensor(23.1425),Yes
302,20,Left,tensor(36.9215),Yes
302,13,Right,tensor(16.0502),Yes
303,12,Left,tensor(66.3142),No
303,18,Right,tensor(42.7018),Yes
303,22,Right,tensor(36.5124),Yes
303,16,Left,tensor(64.8849),No
303,20,Left,tensor(38.8439),Yes
303,15,Right,tensor(22.8972),Yes
303,13,Right,tensor(15.8421),Yes
304,12,Left,tensor(68.0738),No
304,22,Right,tensor(46.8449),Yes
304,18,Right,tensor(42.8050),Yes
304,16,Left,tensor(65.6055),No
304,13,Right,tensor(15.4119),Yes
304,20,Left,tensor(39.1206),Yes
304,15,Right,tensor(24.5404),Yes
305,12,Left,tensor(71.6243),No
305,18,Right,tensor(40.0436),Yes
305,22,Right,tensor(43.1821),Yes
305,16,Left,tensor(67.3300),No
305,13,Right,tensor(16.4022),Yes
305,15,Right,tensor(22.9402),Yes
305,20,Left,tensor(40.1974),Yes
306,12,Left,tensor(76.3254),No
306,18,Right,tensor(39.0022),Yes
306,16,Left,tensor(68.0650),No
306,13,Right,tensor(13.6275),Yes
306,20,Left,tensor(38.8102),Yes
306,22,Right,tensor(41.2624),Yes
306,15,Right,tensor(21.2948),Yes
306,19,Left,tensor(13.2508),Yes
307,12,Left,tensor(74.4085),No
307,22,Right,tensor(39.6961),Yes
307,18,Right,tensor(37.6983),Yes
307,16,Left,tensor(68.3109),No
307,13,Right,tensor(13.6995),Yes
307,20,Left,tensor(40.4033),Yes
307,15,Right,tensor(21.6236),Yes
308,12,Left,tensor(74.9731),No
308,18,Right,tensor(36.4906),Yes
308,16,Left,tensor(74.0920),No
308,13,Right,tensor(11.8878),Yes
308,22,Right,tensor(40.4890),Yes
308,20,Left,tensor(40.1607),Yes
308,15,Right,tensor(21.1841),Yes
309,12,Left,tensor(72.1973),No
309,18,Right,tensor(36.0068),Yes
309,20,Left,tensor(42.0629),Yes
309,16,Left,tensor(70.4831),No
309,22,Right,tensor(39.8899),Yes
309,13,Right,tensor(12.4043),Yes
309,15,Right,tensor(21.9423),Yes
309,19,Left,tensor(15.8403),Yes
310,12,Left,tensor(76.1865),No
310,18,Right,tensor(33.8935),Yes
310,16,Left,tensor(72.0912),No
310,13,Right,tensor(11.6031),Yes
310,20,Left,tensor(41.1139),Yes
310,15,Right,tensor(20.5805),Yes
310,22,Right,tensor(36.9879),Yes
310,19,Left,tensor(14.5622),Yes
311,12,Left,tensor(85.5024),No
311,22,Right,tensor(36.6633),Yes
311,16,Left,tensor(72.6347),No
311,18,Right,tensor(34.4452),Yes
311,13,Right,tensor(12.5402),Yes
311,20,Left,tensor(40.8597),Yes
311,15,Right,tensor(20.4172),Yes
311,19,Left,tensor(15.7385),Yes
312,12,Left,tensor(90.7049),No
312,22,Right,tensor(38.6571),Yes
312,18,Right,tensor(32.5551),Yes
312,16,Left,tensor(74.5421),No
312,20,Left,tensor(44.0271),Yes
312,13,Right,tensor(12.7221),Yes
312,10,Right,tensor(20.7158),Yes
312,23,Left,tensor(23.8628),Yes
313,12,Left,tensor(93.6178),No
313,17,Right,tensor(32.9447),Yes
313,16,Left,tensor(78.4586),No
313,22,Right,tensor(37.2887),Yes
313,20,Left,tensor(42.9044),Yes
313,10,Right,tensor(20.0700),Yes
313,13,Right,tensor(11.2502),Yes
313,23,Left,tensor(24.4800),Yes
313,19,Left,tensor(17.4159),Yes
314,7,Left,tensor(92.8089),No
314,22,Right,tensor(35.8294),Yes
314,17,Right,tensor(29.7744),Yes
314,16,Left,tensor(77.3151),No
314,20,Left,tensor(43.3561),Yes
314,13,Right,tensor(12.2761),Yes
314,10,Right,tensor(20.8125),Yes
314,10,Right,tensor(21.1208),Yes
314,23,Left,tensor(25.6468),Yes
314,19,Left,tensor(15.0123),Yes
315,17,Right,tensor(30.0129),No
315,16,Left,tensor(78.0763),No
315,22,Right,tensor(33.5433),Yes
315,20,Left,tensor(44.9986),Yes
315,13,Right,tensor(11.7216),Yes
315,7,Left,tensor(91.9473),No
315,10,Right,tensor(17.7024),Yes
315,23,Left,tensor(25.0846),Yes
315,19,Left,tensor(16.6085),Yes
315,10,Right,tensor(18.7015),Yes
316,16,Left,tensor(81.6278),No
316,22,Right,tensor(31.7793),Yes
316,17,Right,tensor(28.9639),Yes
316,20,Left,tensor(45.7994),Yes
316,7,Left,tensor(92.4698),No
316,13,Right,tensor(11.0614),Yes
316,10,Right,tensor(18.2645),Yes
316,19,Left,tensor(16.3985),Yes
316,23,Left,tensor(22.9718),Yes
317,16,Left,tensor(85.1086),No
317,17,Right,tensor(27.5607),Yes
317,22,Right,tensor(32.0596),Yes
317,20,Left,tensor(46.2678),Yes
317,10,Right,tensor(18.7980),Yes
317,13,Right,tensor(8.7516),Yes
317,19,Left,tensor(15.8746),Yes
317,23,Left,tensor(25.1169),Yes
318,16,Left,tensor(86.2534),No
318,17,Right,tensor(25.6454),Yes
318,20,Left,tensor(48.6262),Yes
318,22,Right,tensor(33.1804),Yes
318,10,Right,tensor(17.3725),Yes
318,13,Right,tensor(9.3355),Yes
318,23,Left,tensor(26.4364),Yes
318,19,Left,tensor(15.3561),Yes
319,16,Left,tensor(88.6337),No
319,17,Right,tensor(25.4341),Yes
319,20,Left,tensor(47.0460),Yes
319,22,Right,tensor(29.2992),Yes
319,13,Right,tensor(10.3036),Yes
319,23,Left,tensor(23.5524),Yes
319,10,Right,tensor(17.2576),Yes
319,19,Left,tensor(18.9543),Yes
320,16,Left,tensor(89.0064),No
320,17,Right,tensor(27.1939),Yes
320,20,Left,tensor(49.3383),Yes
320,22,Right,tensor(32.0410),Yes
320,23,Left,tensor(29.1381),Yes
320,13,Right,tensor(9.4108),Yes
320,10,Right,tensor(17.8033),Yes
320,19,Left,tensor(17.0813),Yes
321,16,Left,tensor(92.1293),No
321,17,Right,tensor(24.5376),Yes
321,20,Left,tensor(49.0959),Yes
321,22,Right,tensor(28.7010),Yes
321,10,Right,tensor(14.9790),Yes
321,23,Left,tensor(26.3220),Yes
321,13,Right,tensor(8.3596),Yes
321,19,Left,tensor(15.9831),Yes
322,11,Left,tensor(98.8436),No
322,22,Right,tensor(30.1975),Yes
322,17,Right,tensor(22.7729),Yes
322,20,Left,tensor(49.0836),Yes
322,10,Right,tensor(16.2481),Yes
322,23,Left,tensor(21.5315),Yes
322,19,Left,tensor(16.9656),Yes
323,11,Left,tensor(100.7512),No
323,20,Left,tensor(51.3251),Yes
323,22,Right,tensor(29.2163),Yes
323,17,Right,tensor(22.5958),Yes
323,10,Right,tensor(16.7169),Yes
323,19,Left,tensor(16.6349),Yes
323,23,Left,tensor(26.8178),Yes
324,11,Left,tensor(102.5765),No
324,20,Left,tensor(51.6161),Yes
324,22,Right,tensor(24.8809),Yes
324,17,Right,tensor(21.2071),Yes
324,10,Right,tensor(16.1125),Yes
324,19,Left,tensor(17.3477),Yes
324,23,Left,tensor(27.2399),Yes
325,11,Left,tensor(106.7221),No
325,20,Left,tensor(52.0027),Yes
325,22,Right,tensor(25.9833),Yes
325,17,Right,tensor(20.8767),Yes
325,10,Right,tensor(18.1153),Yes
325,19,Left,tensor(17.6075),Yes
325,23,Left,tensor(24.0409),Yes
326,11,Left,tensor(108.1995),No
326,20,Left,tensor(54.6132),Yes
326,18,Right,tensor(26.5626),Yes
326,17,Right,tensor(21.6074),Yes
326,10,Right,tensor(15.3964),Yes
326,19,Left,tensor(17.0693),Yes
326,23,Left,tensor(28.1325),Yes
327,4,Left,tensor(110.7138),No
327,20,Left,tensor(54.7312),Yes
327,18,Right,tensor(26.4162),Yes
327,17,Right,tensor(19.9963),Yes
327,10,Right,tensor(14.4245),Yes
327,19,Left,tensor(17.3895),Yes
327,23,Left,tensor(26.7069),Yes
328,4,Left,tensor(112.6323),No
328,20,Left,tensor(55.3990),Yes
328,18,Right,tensor(25.7697),Yes
328,17,Right,tensor(19.3668),Yes
328,10,Right,tensor(16.2249),Yes
328,19,Left,tensor(17.5269),Yes
328,23,Left,tensor(26.5456),Yes
329,3,Left,tensor(115.4449),No
329,20,Left,tensor(54.6709),Yes
329,18,Right,tensor(25.7106),Yes
329,13,Right,tensor(17.5878),Yes
329,23,Left,tensor(28.2912),Yes
329,19,Left,tensor(18.1747),Yes
329,10,Right,tensor(12.8932),Yes
330,18,Right,tensor(24.9813),No
330,20,Left,tensor(58.0901),No
330,3,Left,tensor(113.9073),No
330,13,Right,tensor(17.7517),Yes
330,23,Left,tensor(31.9397),Yes
330,19,Left,tensor(15.0125),Yes
330,10,Right,tensor(15.9332),Yes
331,18,Right,tensor(24.4022),No
331,20,Left,tensor(59.6316),No
331,13,Right,tensor(17.0114),Yes
331,0,Left,tensor(113.0546),No
331,23,Left,tensor(30.9320),Yes
331,10,Right,tensor(13.2633),Yes
331,19,Left,tensor(19.0058),Yes
332,18,Right,tensor(23.1670),No
332,20,Left,tensor(58.7350),No
332,13,Right,tensor(16.9501),Yes
332,10,Right,tensor(14.6658),Yes
332,23,Left,tensor(30.4078),No
332,19,Left,tensor(19.7463),Yes
333,20,Left,tensor(63.1485),No
333,18,Right,tensor(22.9271),Yes
333,13,Right,tensor(15.4667),Yes
333,23,Left,tensor(32.9787),Yes
333,10,Right,tensor(13.5122),Yes
333,19,Left,tensor(18.7572),Yes
334,20,Left,tensor(63.0461),No
334,18,Right,tensor(22.8718),Yes
334,23,Left,tensor(33.7842),Yes
334,13,Right,tensor(15.5581),Yes
334,10,Right,tensor(12.0694),Yes
334,19,Left,tensor(18.1177),Yes
335,13,Right,tensor(13.3030),No
335,20,Left,tensor(63.2673),No
335,23,Left,tensor(32.1845),Yes
335,18,Right,tensor(20.7864),Yes
335,19,Left,tensor(20.4502),Yes
335,10,Right,tensor(11.5365),Yes
336,20,Left,tensor(65.5530),No
336,18,Right,tensor(19.8386),Yes
336,23,Left,tensor(34.3658),Yes
336,13,Right,tensor(15.1320),Yes
336,1,Right,tensor(13.0372),Yes
336,19,Left,tensor(19.2891),Yes
337,20,Left,tensor(67.6638),No
337,18,Right,tensor(22.0228),Yes
337,13,Right,tensor(14.2519),Yes
337,23,Left,tensor(36.0322),No
337,1,Right,tensor(11.9501),Yes
337,19,Left,tensor(20.3786),Yes
338,20,Left,tensor(67.9452),No
338,17,Right,tensor(18.4272),Yes
338,23,Left,tensor(34.3560),Yes
338,13,Right,tensor(12.1523),Yes
338,19,Left,tensor(18.9796),Yes
338,1,Right,tensor(9.9950),Yes
339,20,Left,tensor(68.0717),No
339,17,Right,tensor(19.2866),Yes
339,23,Left,tensor(34.4910),Yes
339,13,Right,tensor(8.6700),Yes
339,19,Left,tensor(17.0462),Yes
339,1,Right,tensor(8.7749),Yes
340,20,Left,tensor(71.0392),No
340,17,Right,tensor(16.8089),Yes
340,23,Left,tensor(37.3736),Yes
340,5,Right,tensor(16.1322),Yes
340,19,Left,tensor(23.6713),Yes
340,1,Right,tensor(14.8068),Yes
341,20,Left,tensor(71.7688),No
341,17,Right,tensor(21.5891),Yes
341,23,Left,tensor(41.9857),Yes
341,19,Left,tensor(23.3600),Yes
341,5,Right,tensor(14.4800),Yes
341,1,Right,tensor(14.9124),Yes
342,20,Left,tensor(73.5256),No
342,17,Right,tensor(19.1889),Yes
342,23,Left,tensor(40.9440),Yes
342,19,Left,tensor(23.6218),Yes
342,5,Right,tensor(13.1383),Yes
342,1,Right,tensor(12.1073),Yes
343,20,Left,tensor(75.8945),No
343,17,Right,tensor(18.1007),Yes
343,23,Left,tensor(39.3587),Yes
343,19,Left,tensor(20.3023),Yes
343,5,Right,tensor(6.7428),Yes
343,1,Right,tensor(7.0927),Yes
344,20,Left,tensor(78.9757),No
344,17,Right,tensor(14.3578),Yes
344,23,Left,tensor(37.0937),Yes
344,5,Right,tensor(7.1333),Yes
344,19,Left,tensor(20.0805),Yes
344,1,Right,tensor(7.1518),Yes
344,24,Left,tensor(16.8202),Yes
345,20,Left,tensor(76.8822),No
345,23,Left,tensor(38.4745),Yes
345,17,Right,tensor(14.1353),Yes
345,19,Left,tensor(21.2588),Yes
345,5,Right,tensor(8.5179),Yes
345,1,Right,tensor(9.9584),Yes
346,20,Left,tensor(81.3688),No
346,17,Right,tensor(12.9742),Yes
346,23,Left,tensor(40.4518),Yes
346,19,Left,tensor(21.7836),Yes
346,5,Right,tensor(12.8005),Yes
346,24,Left,tensor(21.2838),Yes
346,1,Right,tensor(14.4165),Yes
346,19,Left,tensor(22.1241),Yes
347,20,Left,tensor(82.7766),No
347,23,Left,tensor(42.8809),Yes
347,17,Right,tensor(17.6940),Yes
347,24,Left,tensor(22.7791),Yes
347,19,Left,tensor(25.6439),Yes
347,5,Right,tensor(12.8217),Yes
347,1,Right,tensor(11.8224),Yes
348,16,Left,tensor(83.9294),No
348,23,Left,tensor(44.4550),Yes
348,19,Left,tensor(27.1564),Yes
348,17,Right,tensor(17.5119),Yes
348,24,Left,tensor(22.9346),Yes
348,5,Right,tensor(10.7713),Yes
348,1,Right,tensor(11.4453),Yes
349,16,Left,tensor(88.1281),No
349,23,Left,tensor(44.0975),Yes
349,19,Left,tensor(25.9267),Yes
349,17,Right,tensor(12.5733),Yes
349,24,Left,tensor(19.1399),Yes
349,1,Right,tensor(7.4998),Yes
349,5,Right,tensor(5.5139),Yes
350,16,Left,tensor(89.1754),No
350,23,Left,tensor(43.4107),Yes
350,19,Left,tensor(23.9040),Yes
350,17,Right,tensor(13.6230),Yes
350,24,Left,tensor(22.3357),Yes
350,2,Right,tensor(6.3593),Yes
350,1,Right,tensor(9.9780),Yes
351,16,Left,tensor(99.2478),No
351,23,Left,tensor(43.0635),Yes
351,19,Left,tensor(23.7558),Yes
351,24,Left,tensor(24.7822),Yes
351,13,Right,tensor(11.3227),Yes
351,1,Right,tensor(8.3806),Yes
351,2,Right,tensor(8.5810),Yes
352,16,Left,tensor(102.9218),No
352,23,Left,tensor(44.8681),Yes
352,19,Left,tensor(26.0981),Yes
352,24,Left,tensor(20.5693),Yes
352,13,Right,tensor(13.2477),Yes
352,1,Right,tensor(12.0488),Yes
352,2,Right,tensor(8.8194),Yes
353,16,Left,tensor(96.7851),No
353,19,Left,tensor(27.2261),Yes
353,23,Left,tensor(48.6140),Yes
353,24,Left,tensor(22.7548),Yes
353,13,Right,tensor(12.5879),Yes
353,2,Right,tensor(11.6541),Yes
353,1,Right,tensor(12.1518),Yes
354,11,Left,tensor(98.4558),No
354,23,Left,tensor(48.9956),Yes
354,19,Left,tensor(28.3205),Yes
354,13,Right,tensor(13.1845),Yes
354,24,Left,tensor(22.5948),Yes
354,2,Right,tensor(8.4257),Yes
354,1,Right,tensor(7.9039),Yes
355,11,Left,tensor(98.5966),No
355,19,Left,tensor(28.9876),Yes
355,23,Left,tensor(49.3888),Yes
355,13,Right,tensor(11.9388),Yes
355,2,Right,tensor(5.3024),Yes
355,24,Left,tensor(21.2454),Yes
355,1,Right,tensor(8.5971),Yes
356,4,Left,tensor(102.3655),No
356,23,Left,tensor(48.1716),Yes
356,13,Right,tensor(9.6269),Yes
356,19,Left,tensor(27.7922),Yes
356,2,Right,tensor(5.2594),Yes
356,1,Right,tensor(10.1467),Yes
356,24,Left,tensor(21.6437),Yes
357,4,Left,tensor(100.4472),No
357,19,Left,tensor(28.2605),Yes
357,23,Left,tensor(47.6147),Yes
357,13,Right,tensor(10.1998),Yes
357,2,Right,tensor(6.7015),Yes
357,1,Right,tensor(8.1221),Yes
357,24,Left,tensor(21.9019),Yes
358,3,Left,tensor(96.0202),No
358,23,Left,tensor(51.5069),Yes
358,19,Left,tensor(29.4614),Yes
358,5,Right,tensor(10.9021),Yes
358,2,Right,tensor(8.1697),Yes
358,24,Left,tensor(24.5842),Yes
358,1,Right,tensor(12.7988),Yes
358,24,Left,tensor(24.3465),Yes
359,0,Left,tensor(97.1508),No
359,19,Left,tensor(30.5774),Yes
359,23,Left,tensor(53.3142),Yes
359,5,Right,tensor(9.9706),Yes
359,24,Left,tensor(24.8074),Yes
359,2,Right,tensor(8.4274),Yes
359,1,Right,tensor(12.3817),Yes
359,24,Left,tensor(22.7911),Yes
360,23,Left,tensor(54.2801),No
360,19,Left,tensor(32.0785),Yes
360,5,Right,tensor(11.2102),Yes
360,24,Left,tensor(25.6563),Yes
360,2,Right,tensor(7.9166),Yes
360,1,Right,tensor(8.2771),Yes
360,0,Left,tensor(102.0968),No
360,25,Right,tensor(39.9972),No
360,24,Left,tensor(21.3654),Yes
361,23,Left,tensor(54.6709),No
361,19,Left,tensor(32.7628),Yes
361,5,Right,tensor(6.9723),Yes
361,26,Right,tensor(59.3284),No
361,2,Right,tensor(3.1726),Yes
361,1,Right,tensor(7.6040),Yes
362,26,Right,tensor(53.6811),No
362,23,Left,tensor(55.3614),No
362,19,Left,tensor(30.9395),Yes
362,27,Left,tensor(21.9017),Yes
362,5,Right,tensor(7.6058),Yes
362,2,Right,tensor(5.4492),Yes
362,1,Right,tensor(7.2720),Yes
362,24,Left,tensor(19.5834),Yes
363,26,Right,tensor(46.3018),No
363,23,Left,tensor(55.3675),No
363,28,Right,tensor(38.7190),Yes
363,19,Left,tensor(30.5823),Yes
363,27,Left,tensor(23.7968),Yes
363,5,Right,tensor(9.8028),Yes
363,1,Right,tensor(6.9711),Yes
363,2,Right,tensor(7.1912),Yes
364,26,Right,tensor(45.0073),No
364,23,Left,tensor(56.8418),No
364,19,Left,tensor(32.8531),Yes
364,28,Right,tensor(38.4924),Yes
364,27,Left,tensor(24.4913),Yes
364,5,Right,tensor(8.9599),Yes
364,1,Right,tensor(11.7711),Yes
364,2,Right,tensor(6.7021),Yes
365,26,Right,tensor(39.7945),No
365,28,Right,tensor(34.8162),Yes
365,23,Left,tensor(59.2969),No
365,27,Left,tensor(26.9068),Yes
365,19,Left,tensor(36.8777),Yes
365,5,Right,tensor(10.9354),Yes
365,1,Right,tensor(12.6957),Yes
365,2,Right,tensor(6.4023),Yes
366,26,Right,tensor(38.3505),No
366,28,Right,tensor(35.7287),Yes
366,23,Left,tensor(61.2007),No
366,27,Left,tensor(27.9088),Yes
366,19,Left,tensor(36.2013),Yes
366,5,Right,tensor(9.5158),Yes
366,1,Right,tensor(6.3256),Yes
366,2,Right,tensor(4.0403),Yes
367,26,Right,tensor(36.7643),No
367,28,Right,tensor(33.3223),Yes
367,23,Left,tensor(61.3976),No
367,19,Left,tensor(36.5378),Yes
367,27,Left,tensor(25.9065),Yes
367,5,Right,tensor(7.7051),Yes
367,1,Right,tensor(8.7814),Yes
367,2,Right,tensor(4.6973),Yes
368,26,Right,tensor(37.1051),No
368,23,Left,tensor(63.3465),No
368,27,Left,tensor(25.4136),Yes
368,28,Right,tensor(34.1203),Yes
368,19,Left,tensor(35.4684),Yes
368,1,Right,tensor(7.0846),Yes
368,2,Right,tensor(6.0027),Yes
368,24,Left,tensor(22.4432),Yes
369,26,Right,tensor(32.9475),No
369,23,Left,tensor(63.6199),No
369,27,Left,tensor(25.9987),Yes
369,19,Left,tensor(37.3144),Yes
369,28,Right,tensor(32.5108),Yes
369,1,Right,tensor(9.1130),Yes
369,2,Right,tensor(5.8710),Yes
369,29,Right,tensor(4.3174),Yes
370,26,Right,tensor(31.3842),No
370,23,Left,tensor(65.7356),No
370,19,Left,tensor(41.4977),Yes
370,27,Left,tensor(29.6913),Yes
370,28,Right,tensor(31.0462),Yes
370,29,Right,tensor(7.9275),Yes
370,2,Right,tensor(8.5229),Yes
370,1,Right,tensor(9.2325),Yes
371,26,Right,tensor(29.7406),No
371,19,Left,tensor(40.6196),No
371,23,Left,tensor(66.7664),No
371,27,Left,tensor(29.1803),Yes
371,28,Right,tensor(33.4069),Yes
371,29,Right,tensor(4.5762),Yes
371,1,Right,tensor(8.8141),Yes
371,2,Right,tensor(8.7589),Yes
372,26,Right,tensor(28.1962),No
372,19,Left,tensor(38.7211),No
372,23,Left,tensor(70.4029),No
372,27,Left,tensor(31.8433),Yes
372,28,Right,tensor(29.0891),Yes
372,2,Right,tensor(8.4415),Yes
372,2,Right,tensor(6.6309),Yes
373,26,Right,tensor(39.9890),No
373,19,Left,tensor(41.8483),No
373,27,Left,tensor(31.0074),Yes
373,23,Left,tensor(70.5689),No
373,28,Right,tensor(28.5568),Yes
373,2,Right,tensor(5.0769),Yes
373,2,Right,tensor(3.6330),Yes
373,24,Left,tensor(22.0459),Yes
374,26,Right,tensor(43.8918),No
374,23,Left,tensor(72.9371),No
374,19,Left,tensor(43.9646),Yes
374,27,Left,tensor(29.0954),Yes
374,28,Right,tensor(28.2744),Yes
374,2,Right,tensor(6.1498),Yes
374,24,Left,tensor(18.4063),Yes
374,2,Right,tensor(3.1915),Yes
374,1,Right,tensor(7.3945),Yes
375,26,Right,tensor(51.2553),No
375,23,Left,tensor(72.1253),No
375,19,Left,tensor(43.1209),Yes
375,27,Left,tensor(29.0976),Yes
375,28,Right,tensor(28.7640),Yes
375,2,Right,tensor(6.1507),Yes
375,2,Right,tensor(3.9275),Yes
375,24,Left,tensor(19.7247),Yes
376,26,Right,tensor(54.4103),No
376,23,Left,tensor(72.8049),No
376,19,Left,tensor(41.6557),Yes
376,27,Left,tensor(32.3522),Yes
376,22,Right,tensor(27.0399),Yes
376,2,Right,tensor(6.7117),Yes
376,24,Left,tensor(21.1132),Yes
376,24,Left,tensor(22.4234),Yes
377,26,Right,tensor(54.0594),No
377,23,Left,tensor(73.6333),No
377,19,Left,tensor(43.4612),Yes
377,27,Left,tensor(32.9502),Yes
377,22,Right,tensor(26.3846),Yes
377,2,Right,tensor(6.9193),Yes
377,24,Left,tensor(22.4242),Yes
377,24,Left,tensor(24.0835),Yes
378,26,Right,tensor(69.9114),No
378,23,Left,tensor(76.6266),No
378,19,Left,tensor(47.2003),Yes
378,27,Left,tensor(34.8247),Yes
378,22,Right,tensor(26.4690),Yes
378,2,Right,tensor(6.8702),Yes
378,24,Left,tensor(25.0012),Yes
378,24,Left,tensor(22.1662),Yes
379,26,Right,tensor(80.8409),No
379,23,Left,tensor(77.0877),Yes
379,19,Left,tensor(46.4075),Yes
379,27,Left,tensor(34.3801),Yes
379,22,Right,tensor(24.4721),Yes
379,2,Right,tensor(3.8816),Yes
379,24,Left,tensor(19.4342),Yes
379,24,Left,tensor(17.0123),Yes
380,26,Right,tensor(89.4746),No
380,20,Left,tensor(82.9575),Yes
380,19,Left,tensor(49.9927),Yes
380,27,Left,tensor(34.1622),Yes
380,22,Right,tensor(23.6604),Yes
380,24,Left,tensor(22.1972),Yes
380,2,Right,tensor(5.3663),Yes
381,26,Right,tensor(97.2251),No
381,20,Left,tensor(81.3783),Yes
381,19,Left,tensor(53.9358),Yes
381,27,Left,tensor(35.4843),Yes
381,22,Right,tensor(20.1144),Yes
381,2,Right,tensor(5.4908),Yes
381,24,Left,tensor(20.7452),Yes
382,26,Right,tensor(85.7155),No
382,19,Left,tensor(54.2105),Yes
382,20,Left,tensor(87.0298),No
382,27,Left,tensor(37.1484),Yes
382,22,Right,tensor(22.3846),Yes
382,2,Right,tensor(5.6088),Yes
382,24,Left,tensor(23.2411),Yes
382,24,Left,tensor(20.5560),Yes
382,24,Left,tensor(25.5850),Yes
383,26,Right,tensor(84.8240),No
383,19,Left,tensor(52.4162),Yes
383,20,Left,tensor(87.4828),No
383,27,Left,tensor(34.7588),Yes
383,22,Right,tensor(21.4657),Yes
383,24,Left,tensor(25.5377),Yes
383,2,Right,tensor(7.4176),Yes
383,24,Left,tensor(22.0987),Yes
383,24,Left,tensor(26.8014),Yes
383,2,Right,tensor(3.1604),Yes
384,26,Right,tensor(83.3444),No
384,19,Left,tensor(56.1763),Yes
384,20,Left,tensor(90.0993),No
384,27,Left,tensor(39.3833),Yes
384,22,Right,tensor(21.1864),Yes
384,24,Left,tensor(23.4596),Yes
384,2,Right,tensor(5.7151),Yes
384,2,Right,tensor(3.2655),Yes
384,24,Left,tensor(25.4243),Yes
385,26,Right,tensor(78.4028),No
385,19,Left,tensor(56.6894),Yes
385,27,Left,tensor(40.5951),Yes
385,20,Left,tensor(95.6925),No
385,22,Right,tensor(20.8597),Yes
385,24,Left,tensor(25.1539),Yes
385,2,Right,tensor(4.5642),Yes
385,2,Right,tensor(3.4107),Yes
386,26,Right,tensor(77.0801),No
386,19,Left,tensor(58.8821),Yes
386,20,Left,tensor(92.1402),No
386,27,Left,tensor(42.9640),Yes
386,18,Right,tensor(20.7160),Yes
386,24,Left,tensor(24.3609),Yes
386,2,Right,tensor(3.6488),Yes
386,2,Right,tensor(1.9063),Yes
387,26,Right,tensor(85.1373),No
387,19,Left,tensor(58.6333),Yes
387,16,Left,tensor(98.1602),No
387,27,Left,tensor(42.8660),Yes
387,18,Right,tensor(20.4680),Yes
387,24,Left,tensor(22.0491),Yes
387,2,Right,tensor(5.3781),Yes
387,2,Right,tensor(1.5735),Yes
388,26,Right,tensor(87.3415),No
388,16,Left,tensor(99.1350),No
388,19,Left,tensor(61.9930),Yes
388,27,Left,tensor(42.3083),Yes
388,18,Right,tensor(18.6930),Yes
388,24,Left,tensor(23.3963),Yes
388,2,Right,tensor(4.4374),Yes
388,2,Right,tensor(4.6627),Yes
388,24,Left,tensor(25.4276),Yes
389,26,Right,tensor(82.4862),No
389,19,Left,tensor(67.3432),Yes
389,11,Left,tensor(98.2476),No
389,27,Left,tensor(41.1268),Yes
389,18,Right,tensor(21.7777),Yes
389,24,Left,tensor(25.5684),Yes
389,2,Right,tensor(3.6463),Yes
389,2,Right,tensor(4.7137),Yes
389,2,Right,tensor(4.7976),Yes
390,19,Left,tensor(65.0303),No
390,26,Right,tensor(68.0375),No
390,11,Left,tensor(100.0808),No
390,27,Left,tensor(45.3976),Yes
390,18,Right,tensor(20.5565),Yes
390,24,Left,tensor(26.3985),Yes
390,2,Right,tensor(2.1618),Yes
390,2,Right,tensor(4.0690),Yes
390,2,Right,tensor(3.8454),Yes
391,26,Right,tensor(69.6327),No
391,19,Left,tensor(70.1903),No
391,4,Left,tensor(105.2717),No
391,27,Left,tensor(46.3307),Yes
391,24,Left,tensor(26.0924),Yes
391,18,Right,tensor(18.9536),Yes
391,2,Right,tensor(1.7945),Yes
391,2,Right,tensor(2.0702),Yes
391,2,Right,tensor(2.7738),Yes
391,30,Left,tensor(22.4990),Yes
392,26,Right,tensor(68.4381),No
392,3,Left,tensor(105.5334),No
392,19,Left,tensor(64.5015),Yes
392,27,Left,tensor(46.5390),Yes
392,24,Left,tensor(26.3186),Yes
392,18,Right,tensor(17.9247),Yes
392,2,Right,tensor(4.2498),Yes
392,2,Right,tensor(3.8763),Yes
392,30,Left,tensor(25.6090),Yes
393,26,Right,tensor(62.2524),No
393,19,Left,tensor(71.7131),No
393,3,Left,tensor(105.2994),No
393,27,Left,tensor(47.1605),Yes
393,24,Left,tensor(26.0407),Yes
393,18,Right,tensor(16.4169),Yes
393,2,Right,tensor(4.7661),Yes
393,2,Right,tensor(3.8839),Yes
393,2,Right,tensor(4.7376),Yes
393,30,Left,tensor(21.2904),Yes
394,26,Right,tensor(64.2211),No
394,12,Left,tensor(86.7959),No
394,27,Left,tensor(48.8571),Yes
394,24,Left,tensor(27.0022),Yes
394,18,Right,tensor(16.8526),Yes
394,0,Left,tensor(106.7670),No
394,2,Right,tensor(3.8874),Yes
394,2,Right,tensor(4.1425),Yes
394,30,Left,tensor(19.8256),Yes
395,12,Left,tensor(85.7241),No
395,26,Right,tensor(63.4200),Yes
395,27,Left,tensor(48.6835),Yes
395,18,Right,tensor(16.7759),Yes
395,24,Left,tensor(27.8609),Yes
395,2,Right,tensor(4.3540),Yes
395,2,Right,tensor(3.6812),Yes
395,0,Left,tensor(116.1956),No
395,30,Left,tensor(26.1373),Yes
396,26,Right,tensor(65.8931),No
396,27,Left,tensor(50.5306),Yes
396,12,Left,tensor(91.1785),No
396,17,Right,tensor(16.0180),Yes
396,24,Left,tensor(28.4787),Yes
396,30,Left,tensor(22.9779),Yes
396,30,Left,tensor(25.8033),Yes
396,2,Right,tensor(3.4614),Yes
396,1,Right,tensor(3.4427),Yes
396,1,Right,tensor(3.1091),Yes
397,26,Right,tensor(60.2176),No
397,27,Left,tensor(54.3923),Yes
397,12,Left,tensor(105.6514),No
397,24,Left,tensor(29.4142),Yes
397,17,Right,tensor(16.1576),Yes
397,30,Left,tensor(24.0733),Yes
397,1,Right,tensor(3.2939),Yes
397,1,Right,tensor(3.8296),Yes
397,1,Right,tensor(4.5961),Yes
398,26,Right,tensor(61.9371),No
398,27,Left,tensor(53.7915),Yes
398,17,Right,tensor(16.8173),Yes
398,24,Left,tensor(28.4120),Yes
398,30,Left,tensor(21.3058),Yes
398,12,Left,tensor(94.2706),No
398,1,Right,tensor(3.3251),Yes
398,31,Left,tensor(14.9941),Yes
399,26,Right,tensor(56.4847),No
399,27,Left,tensor(60.0086),No
399,24,Left,tensor(28.7276),Yes
399,17,Right,tensor(14.0326),Yes
399,30,Left,tensor(22.4783),Yes
399,31,Left,tensor(7.6036),Yes
399,1,Right,tensor(0.2157),Yes
400,26,Right,tensor(60.6734),No
400,27,Left,tensor(57.9251),Yes
400,24,Left,tensor(30.6425),Yes
400,13,Right,tensor(14.9940),Yes
400,30,Left,tensor(25.4221),Yes
400,31,Left,tensor(12.2131),Yes
400,1,Right,tensor(4.0119),Yes
401,26,Right,tensor(56.7963),No
401,27,Left,tensor(58.9257),No
401,13,Right,tensor(14.5457),Yes
401,24,Left,tensor(30.9314),Yes
401,31,Left,tensor(10.6956),Yes
401,30,Left,tensor(28.2005),Yes
401,1,Right,tensor(3.1257),Yes
402,26,Right,tensor(56.2561),No
402,27,Left,tensor(61.6996),No
402,24,Left,tensor(32.1683),Yes
402,13,Right,tensor(14.5664),Yes
402,30,Left,tensor(24.7541),Yes
402,31,Left,tensor(13.1926),Yes
403,26,Right,tensor(57.3349),No
403,27,Left,tensor(61.5797),No
403,24,Left,tensor(31.5849),Yes
403,13,Right,tensor(12.5615),Yes
403,30,Left,tensor(23.0317),Yes
403,31,Left,tensor(11.5647),Yes
404,26,Right,tensor(55.9379),No
404,27,Left,tensor(62.8097),No
404,24,Left,tensor(33.4813),Yes
404,13,Right,tensor(13.4380),Yes
404,30,Left,tensor(32.6930),Yes
404,31,Left,tensor(13.6839),Yes
405,26,Right,tensor(53.0205),No
405,27,Left,tensor(69.7955),No
405,24,Left,tensor(33.1085),Yes
405,13,Right,tensor(11.6326),Yes
405,30,Left,tensor(24.7340),Yes
405,31,Left,tensor(12.8770),Yes
406,26,Right,tensor(48.1066),No
406,27,Left,tensor(66.1215),No
406,24,Left,tensor(35.6148),Yes
406,13,Right,tensor(12.0976),Yes
406,30,Left,tensor(23.4731),Yes
406,31,Left,tensor(11.8950),Yes
407,27,Left,tensor(72.9477),No
407,26,Right,tensor(47.4584),Yes
407,24,Left,tensor(34.2725),Yes
407,5,Right,tensor(13.2870),Yes
407,30,Left,tensor(26.5576),Yes
407,31,Left,tensor(12.1417),Yes
408,27,Left,tensor(74.8495),No
408,26,Right,tensor(49.7988),Yes
408,24,Left,tensor(37.4375),Yes
408,5,Right,tensor(10.7952),Yes
408,30,Left,tensor(27.6552),Yes
408,31,Left,tensor(12.6595),Yes
409,27,Left,tensor(76.4383),No
409,26,Right,tensor(48.1823),Yes
409,24,Left,tensor(36.6297),Yes
409,5,Right,tensor(11.6345),Yes
409,30,Left,tensor(27.1088),Yes
409,31,Left,tensor(11.3736),Yes
410,27,Left,tensor(73.0029),No
410,26,Right,tensor(48.2392),Yes
410,24,Left,tensor(38.4544),Yes
410,5,Right,tensor(9.9720),Yes
410,30,Left,tensor(27.4563),Yes
410,31,Left,tensor(10.8362),Yes
411,27,Left,tensor(73.6598),No
411,26,Right,tensor(46.1761),Yes
411,24,Left,tensor(38.7033),Yes
411,5,Right,tensor(10.5338),Yes
411,30,Left,tensor(28.2017),Yes
411,31,Left,tensor(13.0223),Yes
412,19,Left,tensor(80.6550),No
412,26,Right,tensor(42.2111),Yes
412,24,Left,tensor(38.8878),Yes
412,5,Right,tensor(11.2235),Yes
412,30,Left,tensor(26.1742),Yes
412,31,Left,tensor(16.6283),Yes
413,19,Left,tensor(86.9586),No
413,26,Right,tensor(44.1574),Yes
413,24,Left,tensor(38.8457),Yes
413,30,Left,tensor(28.9464),Yes
413,5,Right,tensor(10.1433),Yes
413,31,Left,tensor(12.1464),Yes
414,19,Left,tensor(91.5923),No
414,26,Right,tensor(44.5577),Yes
414,24,Left,tensor(40.0185),Yes
414,30,Left,tensor(28.9156),Yes
414,5,Right,tensor(11.1050),Yes
414,31,Left,tensor(14.5636),Yes
415,26,Right,tensor(42.6384),No
415,24,Left,tensor(41.3203),Yes
415,19,Left,tensor(86.8216),No
415,30,Left,tensor(29.2568),Yes
415,5,Right,tensor(10.9986),Yes
415,31,Left,tensor(13.8014),Yes
416,26,Right,tensor(43.0278),No
416,19,Left,tensor(92.0882),No
416,24,Left,tensor(44.0726),Yes
416,30,Left,tensor(29.1370),Yes
416,5,Right,tensor(7.9480),Yes
416,31,Left,tensor(12.7690),Yes
417,26,Right,tensor(45.6856),No
417,19,Left,tensor(100.0936),No
417,24,Left,tensor(43.4070),Yes
417,30,Left,tensor(29.0759),Yes
417,5,Right,tensor(10.0615),Yes
417,31,Left,tensor(15.3530),Yes
418,26,Right,tensor(43.2561),No
418,7,Left,tensor(90.5019),No
418,24,Left,tensor(44.6542),Yes
418,30,Left,tensor(29.8451),Yes
418,5,Right,tensor(9.3536),Yes
418,31,Left,tensor(12.4176),Yes
419,26,Right,tensor(41.6587),No
419,24,Left,tensor(45.4333),No
419,30,Left,tensor(29.7654),Yes
419,5,Right,tensor(9.4640),Yes
419,7,Left,tensor(80.7112),No
419,31,Left,tensor(13.1249),Yes
420,26,Right,tensor(44.0270),No
420,24,Left,tensor(45.9113),No
420,30,Left,tensor(31.8675),Yes
420,5,Right,tensor(9.2666),Yes
420,31,Left,tensor(14.3800),Yes
421,26,Right,tensor(44.1594),No
421,24,Left,tensor(47.8542),No
421,30,Left,tensor(30.7724),Yes
421,5,Right,tensor(9.3809),Yes
421,31,Left,tensor(15.6961),Yes
422,26,Right,tensor(42.7920),No
422,24,Left,tensor(50.0094),No
422,30,Left,tensor(31.2447),Yes
422,5,Right,tensor(10.6435),Yes
422,31,Left,tensor(13.4267),Yes
423,26,Right,tensor(40.2360),No
423,24,Left,tensor(49.6755),No
423,30,Left,tensor(31.1953),Yes
423,5,Right,tensor(9.5900),Yes
423,31,Left,tensor(14.2013),Yes
424,26,Right,tensor(42.8825),No
424,24,Left,tensor(50.5324),No
424,30,Left,tensor(33.0582),Yes
424,5,Right,tensor(12.3470),Yes
424,31,Left,tensor(16.7456),Yes
425,26,Right,tensor(37.9920),No
425,24,Left,tensor(53.6529),No
425,30,Left,tensor(31.9746),Yes
425,5,Right,tensor(7.9268),Yes
425,31,Left,tensor(14.9777),Yes
426,26,Right,tensor(35.3987),No
426,24,Left,tensor(55.7558),No
426,30,Left,tensor(34.2980),Yes
426,5,Right,tensor(6.7064),Yes
426,31,Left,tensor(15.4048),Yes
427,26,Right,tensor(35.2128),No
427,24,Left,tensor(55.2494),No
427,30,Left,tensor(33.6138),Yes
427,5,Right,tensor(7.1242),Yes
427,31,Left,tensor(17.2865),Yes
428,26,Right,tensor(34.8164),No
428,24,Left,tensor(57.4426),No
428,30,Left,tensor(34.9517),Yes
428,5,Right,tensor(8.0217),Yes
428,31,Left,tensor(15.2427),Yes
429,26,Right,tensor(36.7031),No
429,24,Left,tensor(67.5914),No
429,30,Left,tensor(34.6996),Yes
429,31,Left,tensor(16.1097),Yes
429,5,Right,tensor(7.3165),Yes
430,26,Right,tensor(35.5717),No
430,24,Left,tensor(61.9917),No
430,30,Left,tensor(35.4559),Yes
430,5,Right,tensor(7.7004),Yes
430,31,Left,tensor(18.9018),Yes
431,26,Right,tensor(37.7994),No
431,24,Left,tensor(65.7420),No
431,30,Left,tensor(36.2032),Yes
431,31,Left,tensor(16.3521),Yes
431,5,Right,tensor(6.0989),Yes
432,24,Left,tensor(68.6256),No
432,26,Right,tensor(33.0411),Yes
432,30,Left,tensor(36.5219),Yes
432,5,Right,tensor(7.9349),Yes
432,31,Left,tensor(14.8012),Yes
433,24,Left,tensor(69.2684),No
433,26,Right,tensor(31.4767),Yes
433,30,Left,tensor(36.8112),Yes
433,31,Left,tensor(18.3709),Yes
433,5,Right,tensor(7.0095),Yes
434,24,Left,tensor(67.3303),No
434,26,Right,tensor(30.5764),Yes
434,30,Left,tensor(37.6852),Yes
434,31,Left,tensor(17.8852),Yes
434,5,Right,tensor(7.6811),Yes
435,24,Left,tensor(67.2842),No
435,26,Right,tensor(33.1721),Yes
435,30,Left,tensor(37.0553),Yes
435,31,Left,tensor(17.6648),Yes
435,2,Right,tensor(5.9566),Yes
436,24,Left,tensor(73.5848),No
436,26,Right,tensor(30.9034),Yes
436,30,Left,tensor(38.9848),Yes
436,31,Left,tensor(18.0352),Yes
436,1,Right,tensor(7.1796),Yes
437,24,Left,tensor(76.9114),No
437,26,Right,tensor(31.6229),Yes
437,30,Left,tensor(39.2034),Yes
437,31,Left,tensor(13.8890),Yes
437,1,Right,tensor(5.9106),Yes
438,26,Right,tensor(32.8625),No
438,24,Left,tensor(67.9506),No
438,30,Left,tensor(40.8426),Yes
438,31,Left,tensor(16.1298),Yes
438,1,Right,tensor(5.3808),Yes
439,15,Right,tensor(33.0977),No
439,30,Left,tensor(39.6960),No
439,12,Left,tensor(80.1690),No
439,31,Left,tensor(15.5085),Yes
439,1,Right,tensor(7.2461),Yes
440,15,Right,tensor(31.3526),No
440,30,Left,tensor(42.3371),No
440,12,Left,tensor(73.6244),No
440,1,Right,tensor(5.2393),Yes
440,31,Left,tensor(16.1446),Yes
441,15,Right,tensor(31.3131),No
441,30,Left,tensor(43.7400),No
441,31,Left,tensor(15.4514),Yes
441,1,Right,tensor(6.2028),Yes
442,15,Right,tensor(29.4015),No
442,30,Left,tensor(43.8368),No
442,31,Left,tensor(18.6564),Yes
442,1,Right,tensor(6.3282),Yes
443,15,Right,tensor(27.6701),No
443,30,Left,tensor(44.4803),No
443,31,Left,tensor(19.7970),Yes
443,1,Right,tensor(4.8548),Yes
444,30,Left,tensor(47.5216),No
444,15,Right,tensor(29.8055),Yes
444,31,Left,tensor(21.2647),Yes
444,1,Right,tensor(6.6730),Yes
445,30,Left,tensor(47.5119),No
445,15,Right,tensor(27.7023),Yes
445,31,Left,tensor(18.6274),Yes
445,1,Right,tensor(6.0601),Yes
446,15,Right,tensor(26.0373),No
446,30,Left,tensor(48.3267),No
446,31,Left,tensor(21.2152),Yes
446,1,Right,tensor(4.1587),Yes
447,15,Right,tensor(24.9441),No
447,30,Left,tensor(49.0862),No
447,31,Left,tensor(17.4911),Yes
447,1,Right,tensor(4.4831),Yes
448,15,Right,tensor(24.7444),No
448,30,Left,tensor(50.5537),No
448,31,Left,tensor(20.7617),Yes
448,1,Right,tensor(6.3320),Yes
449,30,Left,tensor(51.9464),No
449,15,Right,tensor(25.4162),Yes
449,31,Left,tensor(20.3748),Yes
449,1,Right,tensor(5.0961),Yes
450,30,Left,tensor(53.6233),No
450,15,Right,tensor(26.2136),Yes
450,31,Left,tensor(19.7737),Yes
450,1,Right,tensor(4.3248),Yes
451,30,Left,tensor(53.3248),No
451,15,Right,tensor(24.4261),Yes
451,31,Left,tensor(21.5733),Yes
451,1,Right,tensor(1.7938),Yes
452,15,Right,tensor(26.1826),No
452,30,Left,tensor(54.3959),No
452,31,Left,tensor(21.7863),Yes
452,1,Right,tensor(6.5863),Yes
453,15,Right,tensor(22.9189),No
453,30,Left,tensor(54.8008),No
453,31,Left,tensor(21.3116),Yes
453,1,Right,tensor(4.7955),Yes
454,10,Right,tensor(23.2918),No
454,30,Left,tensor(58.0789),No
454,31,Left,tensor(22.0064),Yes
454,1,Right,tensor(0.2100),Yes
455,10,Right,tensor(20.8496),No
455,30,Left,tensor(59.3646),No
455,31,Left,tensor(23.3752),Yes
455,1,Right,tensor(7.1349),Yes
456,10,Right,tensor(23.2281),No
456,30,Left,tensor(60.4899),No
456,31,Left,tensor(23.9930),Yes
457,10,Right,tensor(20.9908),No
457,30,Left,tensor(61.8005),No
457,31,Left,tensor(24.5273),Yes
457,1,Right,tensor(3.7771),Yes
458,10,Right,tensor(21.0002),No
458,30,Left,tensor(64.4492),No
458,31,Left,tensor(23.7549),Yes
458,1,Right,tensor(3.0262),Yes
459,10,Right,tensor(21.6029),No
459,30,Left,tensor(63.1916),No
459,31,Left,tensor(25.7392),Yes
459,1,Right,tensor(3.7236),Yes
460,10,Right,tensor(20.6661),No
460,30,Left,tensor(67.8730),No
460,31,Left,tensor(27.2540),Yes
460,1,Right,tensor(5.3859),Yes
461,30,Left,tensor(66.5751),No
461,10,Right,tensor(21.6211),Yes
461,31,Left,tensor(25.0801),Yes
461,1,Right,tensor(6.4300),Yes
462,30,Left,tensor(68.6294),No
462,10,Right,tensor(19.6682),Yes
462,31,Left,tensor(27.3339),Yes
462,1,Right,tensor(2.3688),Yes
463,30,Left,tensor(67.2153),No
463,10,Right,tensor(20.8655),Yes
463,31,Left,tensor(27.1673),Yes
464,30,Left,tensor(72.2410),No
464,10,Right,tensor(19.1277),Yes
464,31,Left,tensor(26.8742),Yes
464,1,Right,tensor(2.7308),Yes
465,23,Left,tensor(71.7557),No
465,10,Right,tensor(18.3955),Yes
465,31,Left,tensor(30.0288),Yes
465,32,Left,tensor(15.2054),Yes
466,23,Left,tensor(73.3189),No
466,31,Left,tensor(29.4802),Yes
466,10,Right,tensor(18.7223),Yes
466,32,Left,tensor(14.4623),Yes
466,1,Right,tensor(2.0070),Yes
467,23,Left,tensor(79.2394),No
467,10,Right,tensor(18.8950),Yes
467,31,Left,tensor(30.7839),Yes
467,32,Left,tensor(15.1081),Yes
467,1,Right,tensor(2.0214),Yes
468,23,Left,tensor(78.7144),No
468,10,Right,tensor(16.9591),Yes
468,31,Left,tensor(30.6540),Yes
468,1,Right,tensor(1.1923),Yes
468,32,Left,tensor(16.0807),Yes
469,23,Left,tensor(81.7883),No
469,31,Left,tensor(30.6416),Yes
469,10,Right,tensor(17.3219),Yes
469,32,Left,tensor(25.3327),Yes
469,1,Right,tensor(1.9054),Yes
470,23,Left,tensor(81.4096),No
470,10,Right,tensor(17.8805),Yes
470,31,Left,tensor(30.9214),Yes
470,32,Left,tensor(17.2530),Yes
470,1,Right,tensor(1.6118),Yes
471,23,Left,tensor(82.5405),No
471,10,Right,tensor(17.8925),Yes
471,31,Left,tensor(31.7969),Yes
471,1,Right,tensor(1.5421),Yes
471,32,Left,tensor(17.7880),Yes
472,23,Left,tensor(81.9279),No
472,10,Right,tensor(18.0039),Yes
472,31,Left,tensor(34.8786),Yes
472,32,Left,tensor(5.5591),Yes
472,1,Right,tensor(1.2909),Yes
473,20,Left,tensor(91.2725),No
473,10,Right,tensor(17.9269),Yes
473,31,Left,tensor(33.8795),Yes
473,32,Left,tensor(25.9713),Yes
473,1,Right,tensor(1.0135),Yes
474,20,Left,tensor(88.9398),No
474,31,Left,tensor(31.2904),Yes
474,10,Right,tensor(15.4953),Yes
474,32,Left,tensor(15.8256),Yes
474,1,Right,tensor(0.4818),Yes
475,16,Left,tensor(94.8145),No
475,10,Right,tensor(16.6374),Yes
475,31,Left,tensor(34.4076),Yes
475,32,Left,tensor(19.3157),Yes
476,16,Left,tensor(96.5242),No
476,10,Right,tensor(18.1053),Yes
476,31,Left,tensor(35.3084),Yes
476,32,Left,tensor(20.5735),Yes
477,16,Left,tensor(95.9649),No
477,31,Left,tensor(38.0441),Yes
477,10,Right,tensor(15.1288),Yes
477,25,Right,tensor(46.4632),Yes
477,32,Left,tensor(17.3252),Yes
478,11,Left,tensor(97.6248),No
478,31,Left,tensor(38.6046),Yes
478,10,Right,tensor(14.6744),Yes
478,25,Right,tensor(43.7304),Yes
478,32,Left,tensor(19.5498),Yes
479,4,Left,tensor(98.0592),No
479,34,Right,tensor(137.3090),No
479,31,Left,tensor(38.8584),Yes
479,10,Right,tensor(16.3220),Yes
479,32,Left,tensor(15.0987),Yes
480,4,Left,tensor(102.4098),No
480,34,Right,tensor(138.2064),No
480,31,Left,tensor(41.4290),Yes
480,10,Right,tensor(13.7885),Yes
480,32,Left,tensor(17.5583),Yes
481,31,Left,tensor(41.6027),No
481,3,Left,tensor(101.1945),No
481,34,Right,tensor(133.7374),No
481,10,Right,tensor(16.3455),Yes
481,32,Left,tensor(19.8584),Yes
482,31,Left,tensor(42.2583),No
482,10,Right,tensor(14.7643),Yes
482,3,Left,tensor(104.9315),No
482,34,Right,tensor(131.6176),No
482,32,Left,tensor(19.9130),Yes
483,31,Left,tensor(43.6808),No
483,34,Right,tensor(134.9103),No
483,10,Right,tensor(13.8024),Yes
483,35,Right,tensor(39.6673),Yes
483,32,Left,tensor(16.5051),Yes
483,0,Left,tensor(105.7991),No
484,31,Left,tensor(43.3376),No
484,10,Right,tensor(13.8606),Yes
484,34,Right,tensor(132.9935),No
484,32,Left,tensor(19.9722),Yes
484,35,Right,tensor(39.6791),Yes
485,31,Left,tensor(48.9805),No
485,10,Right,tensor(15.6965),Yes
485,34,Right,tensor(128.3059),No
485,35,Right,tensor(39.5295),Yes
485,32,Left,tensor(20.3609),Yes
486,31,Left,tensor(46.9769),No
486,34,Right,tensor(117.1480),No
486,10,Right,tensor(12.9533),Yes
486,35,Right,tensor(39.7486),Yes
486,32,Left,tensor(21.8992),Yes
487,34,Right,tensor(123.7131),No
487,31,Left,tensor(48.5555),Yes
487,10,Right,tensor(12.8234),Yes
487,35,Right,tensor(39.0848),Yes
487,32,Left,tensor(19.4291),Yes
488,31,Left,tensor(46.8992),No
488,34,Right,tensor(121.3105),No
488,10,Right,tensor(14.2748),Yes
488,28,Right,tensor(35.9287),Yes
488,32,Left,tensor(21.3481),Yes
489,34,Right,tensor(121.5733),No
489,31,Left,tensor(51.8007),Yes
489,10,Right,tensor(13.6429),Yes
489,32,Left,tensor(21.0525),Yes
490,31,Left,tensor(49.3698),No
490,10,Right,tensor(13.1386),Yes
490,34,Right,tensor(122.0001),No
490,32,Left,tensor(21.0887),Yes
490,28,Right,tensor(30.8448),Yes
491,31,Left,tensor(56.8531),No
491,34,Right,tensor(109.2223),No
491,10,Right,tensor(12.2272),Yes
491,28,Right,tensor(31.5360),Yes
491,32,Left,tensor(19.8389),Yes
492,31,Left,tensor(56.4114),No
492,34,Right,tensor(113.1433),No
492,10,Right,tensor(11.7481),Yes
492,28,Right,tensor(33.2755),Yes
492,32,Left,tensor(22.4147),Yes
493,34,Right,tensor(110.6183),No
493,31,Left,tensor(56.2518),Yes
493,10,Right,tensor(11.9991),Yes
493,28,Right,tensor(35.1409),Yes
493,32,Left,tensor(22.6561),Yes
494,34,Right,tensor(114.0427),No
494,31,Left,tensor(64.7151),Yes
494,10,Right,tensor(11.8948),Yes
494,22,Right,tensor(31.6630),Yes
494,32,Left,tensor(18.2097),Yes
495,34,Right,tensor(105.4751),No
495,31,Left,tensor(63.9890),Yes
495,10,Right,tensor(14.3975),Yes
495,22,Right,tensor(35.0771),Yes
495,32,Left,tensor(24.7917),Yes
496,34,Right,tensor(104.8622),No
496,31,Left,tensor(62.8719),Yes
496,10,Right,tensor(12.9785),Yes
496,22,Right,tensor(27.1834),Yes
496,32,Left,tensor(25.5046),Yes
497,34,Right,tensor(112.8667),No
497,27,Left,tensor(64.9272),Yes
497,10,Right,tensor(9.5577),Yes
497,22,Right,tensor(25.9649),Yes
497,32,Left,tensor(24.7933),Yes
498,34,Right,tensor(103.8952),No
498,27,Left,tensor(63.9251),Yes
498,10,Right,tensor(12.2377),Yes
498,22,Right,tensor(30.8212),Yes
498,32,Left,tensor(19.8143),Yes
499,34,Right,tensor(104.7917),No
499,27,Left,tensor(62.5667),Yes
499,10,Right,tensor(11.8877),Yes
499,22,Right,tensor(27.2621),Yes
499,32,Left,tensor(20.0435),Yes
500,34,Right,tensor(98.2611),No
500,27,Left,tensor(68.3876),Yes
500,10,Right,tensor(12.4092),Yes
500,22,Right,tensor(26.0688),Yes
500,32,Left,tensor(20.1059),Yes
501,34,Right,tensor(97.3097),No
501,24,Left,tensor(67.2872),Yes
501,10,Right,tensor(12.3230),Yes
501,18,Right,tensor(24.3724),Yes
501,32,Left,tensor(23.0156),Yes
502,34,Right,tensor(88.3762),No
502,18,Right,tensor(24.7721),Yes
502,24,Left,tensor(68.1824),No
502,10,Right,tensor(11.8305),Yes
502,32,Left,tensor(21.5839),Yes
503,34,Right,tensor(80.9632),No
503,10,Right,tensor(10.3886),Yes
503,17,Right,tensor(22.8618),Yes
503,32,Left,tensor(29.6583),Yes
504,34,Right,tensor(78.9811),No
504,17,Right,tensor(21.9630),Yes
504,10,Right,tensor(10.1645),Yes
504,32,Left,tensor(21.8432),Yes
505,34,Right,tensor(72.0966),No
505,17,Right,tensor(21.2953),Yes
505,10,Right,tensor(10.8995),Yes
505,32,Left,tensor(24.8547),Yes
506,34,Right,tensor(0.0323),No
506,17,Right,tensor(0.0002),Yes
506,10,Right,tensor(0.0411),No
506,32,Left,tensor(0.0001),Yes
507,34,Right,tensor(154.2386),No
507,17,Right,tensor(41.8585),Yes
507,10,Right,tensor(24.5700),Yes
507,32,Left,tensor(52.7543),Yes
508,34,Right,tensor(80.5072),No
508,10,Right,tensor(9.7817),Yes
508,13,Right,tensor(19.3951),Yes
508,32,Left,tensor(26.9635),Yes
509,34,Right,tensor(0.0297),No
509,10,Right,tensor(0.0158),Yes
509,13,Right,tensor(0.0011),Yes
509,32,Left,tensor(0.0192),No
510,34,Right,tensor(158.8073),No
510,13,Right,tensor(41.2022),Yes
510,10,Right,tensor(18.5127),Yes
510,32,Left,tensor(56.7489),Yes
511,34,Right,tensor(78.4978),No
511,13,Right,tensor(21.0084),Yes
511,10,Right,tensor(12.2400),Yes
511,32,Left,tensor(26.1005),Yes
512,34,Right,tensor(0.0516),No
512,13,Right,tensor(0.0191),Yes
512,10,Right,tensor(0.1566),No
512,32,Left,tensor(0.0738),Yes
513,34,Right,tensor(136.9256),No
513,13,Right,tensor(32.4098),Yes
513,32,Left,tensor(61.7981),Yes
513,10,Right,tensor(21.5146),Yes
514,34,Right,tensor(65.4130),No
514,13,Right,tensor(18.5175),Yes
514,10,Right,tensor(9.6945),Yes
514,32,Left,tensor(30.6316),Yes
514,36,Left,tensor(13.4014),Yes
515,34,Right,tensor(0.0545),No
515,13,Right,tensor(0.0097),Yes
515,10,Right,tensor(0.5077),No
515,32,Left,tensor(0.0115),Yes
515,36,Left,tensor(0.0130),Yes
516,34,Right,tensor(116.2762),No
516,13,Right,tensor(29.4394),Yes
516,10,Right,tensor(19.1567),Yes
516,32,Left,tensor(61.0869),No
516,36,Left,tensor(30.6473),Yes
517,34,Right,tensor(0.0975),No
517,13,Right,tensor(0.0002),Yes
517,10,Right,tensor(0.1023),No
517,32,Left,tensor(0.0435),Yes
517,36,Left,tensor(0.2595),No
518,34,Right,tensor(53.1715),No
518,13,Right,tensor(12.4761),Yes
518,10,Right,tensor(8.8888),Yes
518,32,Left,tensor(30.5031),No
518,36,Left,tensor(14.1866),Yes
519,34,Right,tensor(118.0414),No
519,13,Right,tensor(27.8342),Yes
519,10,Right,tensor(21.6420),Yes
519,32,Left,tensor(64.9457),No
519,36,Left,tensor(31.8750),Yes
520,34,Right,tensor(0.0246),No
520,37,Right,tensor(0.0250),No
520,13,Right,tensor(0.0005),Yes
520,10,Right,tensor(0.0053),Yes
520,32,Left,tensor(0.0039),Yes
520,36,Left,tensor(0.0483),No
521,34,Right,tensor(58.7964),No
521,37,Right,tensor(57.5256),Yes
521,13,Right,tensor(11.4378),Yes
521,10,Right,tensor(9.4045),Yes
521,32,Left,tensor(32.5262),Yes
521,36,Left,tensor(14.7668),Yes
522,25,Right,tensor(135.0565),No
522,34,Right,tensor(118.9357),Yes
522,10,Right,tensor(20.0644),Yes
522,32,Left,tensor(65.2931),Yes
522,5,Right,tensor(28.2548),Yes
522,36,Left,tensor(31.7032),Yes
522,38,Left,tensor(26.4149),Yes
523,25,Right,tensor(0.1068),No
523,34,Right,tensor(0.0274),Yes
523,10,Right,tensor(0.0002),Yes
523,32,Left,tensor(0.0470),No
523,5,Right,tensor(0.0482),No
523,36,Left,tensor(0.0001),Yes
523,38,Left,tensor(0.0002),Yes
524,34,Right,tensor(56.9203),No
524,25,Right,tensor(80.0980),No
524,10,Right,tensor(9.8630),Yes
524,32,Left,tensor(34.8694),Yes
524,36,Left,tensor(15.3142),Yes
524,5,Right,tensor(12.5533),Yes
524,38,Left,tensor(8.6804),Yes
525,25,Right,tensor(70.0494),No
525,34,Right,tensor(54.7924),Yes
525,10,Right,tensor(8.4796),Yes
525,2,Right,tensor(12.0275),Yes
525,36,Left,tensor(14.7351),Yes
525,32,Left,tensor(34.3308),No
525,38,Left,tensor(14.1464),Yes
526,34,Right,tensor(52.9919),No
526,25,Right,tensor(64.5885),No
526,10,Right,tensor(8.6986),Yes
526,2,Right,tensor(11.6230),Yes
526,32,Left,tensor(35.8443),No
526,36,Left,tensor(17.9302),Yes
526,38,Left,tensor(9.7065),Yes
527,25,Right,tensor(57.6490),No
527,34,Right,tensor(47.2850),Yes
527,10,Right,tensor(9.3068),Yes
527,32,Left,tensor(37.7734),Yes
527,2,Right,tensor(10.7819),Yes
527,36,Left,tensor(14.5365),Yes
528,25,Right,tensor(58.0190),No
528,34,Right,tensor(52.0260),Yes
528,10,Right,tensor(11.2132),Yes
528,32,Left,tensor(36.4608),Yes
528,2,Right,tensor(10.9742),Yes
528,36,Left,tensor(19.2256),Yes
529,25,Right,tensor(60.2674),No
529,34,Right,tensor(52.8052),Yes
529,10,Right,tensor(5.6331),Yes
529,32,Left,tensor(37.5087),Yes
529,2,Right,tensor(9.8011),Yes
529,36,Left,tensor(9.5996),Yes
530,25,Right,tensor(58.3389),No
530,34,Right,tensor(44.5695),Yes
530,1,Right,tensor(8.7533),Yes
530,32,Left,tensor(37.3739),No
530,2,Right,tensor(9.8245),Yes
531,25,Right,tensor(56.4478),No
531,34,Right,tensor(45.2889),Yes
531,32,Left,tensor(38.9202),Yes
531,1,Right,tensor(7.2223),Yes
531,2,Right,tensor(10.4756),Yes
531,38,Left,tensor(14.1171),Yes
532,25,Right,tensor(54.8136),No
532,34,Right,tensor(42.5663),Yes
532,32,Left,tensor(39.8068),Yes
532,1,Right,tensor(9.3851),Yes
532,2,Right,tensor(8.3050),Yes
532,38,Left,tensor(11.4555),Yes
533,34,Right,tensor(44.2973),No
533,25,Right,tensor(54.2836),No
533,1,Right,tensor(9.4194),Yes
533,32,Left,tensor(39.6661),No
533,2,Right,tensor(10.3815),Yes
533,36,Left,tensor(19.4497),Yes
534,34,Right,tensor(42.1688),No
534,25,Right,tensor(48.9333),No
534,32,Left,tensor(40.7582),Yes
534,1,Right,tensor(9.1992),Yes
534,2,Right,tensor(8.6759),Yes
535,25,Right,tensor(48.3403),No
535,34,Right,tensor(45.0601),Yes
535,32,Left,tensor(41.6723),Yes
535,2,Right,tensor(9.1605),Yes
535,1,Right,tensor(8.8912),Yes
535,38,Left,tensor(14.8088),Yes
536,25,Right,tensor(46.5105),No
536,34,Right,tensor(43.7074),Yes
536,2,Right,tensor(7.6333),Yes
536,32,Left,tensor(40.9981),No
536,1,Right,tensor(8.5108),Yes
536,38,Left,tensor(15.9537),Yes
537,25,Right,tensor(46.1944),No
537,34,Right,tensor(42.3304),Yes
537,2,Right,tensor(8.2147),Yes
537,32,Left,tensor(42.6457),No
537,1,Right,tensor(5.7834),Yes
537,38,Left,tensor(14.7407),Yes
538,25,Right,tensor(43.7809),No
538,26,Right,tensor(40.1027),Yes
538,2,Right,tensor(5.5334),Yes
538,32,Left,tensor(42.9080),No
538,1,Right,tensor(7.2621),Yes
539,26,Right,tensor(43.2883),No
539,25,Right,tensor(40.8545),Yes
539,32,Left,tensor(44.7485),No
539,2,Right,tensor(7.7421),Yes
539,1,Right,tensor(8.6134),Yes
540,25,Right,tensor(40.2999),No
540,26,Right,tensor(36.4735),Yes
540,32,Left,tensor(44.8132),No
540,1,Right,tensor(8.8886),Yes
540,2,Right,tensor(6.1228),Yes
540,38,Left,tensor(13.0610),Yes
541,22,Right,tensor(40.7876),No
541,26,Right,tensor(37.6716),Yes
541,32,Left,tensor(47.1874),No
541,1,Right,tensor(7.9848),Yes
541,38,Left,tensor(15.4110),Yes
541,2,Right,tensor(4.1613),Yes
541,36,Left,tensor(21.6398),Yes
542,18,Right,tensor(39.5005),No
542,26,Right,tensor(37.6265),Yes
542,32,Left,tensor(48.0747),No
542,1,Right,tensor(8.5203),Yes
542,38,Left,tensor(15.2847),Yes
543,18,Right,tensor(38.1824),No
543,32,Left,tensor(47.2794),No
543,26,Right,tensor(40.7288),Yes
543,1,Right,tensor(7.0617),Yes
543,38,Left,tensor(12.8502),Yes
544,18,Right,tensor(35.0073),No
544,32,Left,tensor(48.6705),No
544,1,Right,tensor(6.6355),Yes
544,26,Right,tensor(38.4388),No
544,38,Left,tensor(17.0511),Yes
545,32,Left,tensor(49.4232),No
545,18,Right,tensor(35.0467),Yes
545,26,Right,tensor(36.3001),Yes
545,1,Right,tensor(7.1576),Yes
545,38,Left,tensor(13.9870),Yes
546,17,Right,tensor(33.0846),No
546,32,Left,tensor(50.8630),No
546,26,Right,tensor(36.7193),Yes
546,1,Right,tensor(8.4165),Yes
546,38,Left,tensor(16.9920),Yes
547,32,Left,tensor(51.4558),No
547,17,Right,tensor(33.4097),Yes
547,26,Right,tensor(33.2556),Yes
547,1,Right,tensor(7.1746),Yes
547,38,Left,tensor(17.1042),Yes
548,26,Right,tensor(35.7068),No
548,17,Right,tensor(30.2408),Yes
548,32,Left,tensor(54.5853),No
548,1,Right,tensor(7.6069),Yes
548,38,Left,tensor(16.2200),Yes
549,15,Right,tensor(33.3114),No
549,32,Left,tensor(53.4251),No
549,17,Right,tensor(29.5363),Yes
549,1,Right,tensor(6.1592),Yes
549,38,Left,tensor(14.9841),Yes
550,15,Right,tensor(32.6936),No
550,17,Right,tensor(28.0223),Yes
550,32,Left,tensor(55.0014),No
550,1,Right,tensor(8.0427),Yes
550,38,Left,tensor(16.6594),Yes
551,15,Right,tensor(29.7639),No
551,32,Left,tensor(55.4662),No
551,17,Right,tensor(29.5282),Yes
551,38,Left,tensor(17.5592),Yes
551,1,Right,tensor(6.6379),Yes
552,15,Right,tensor(31.2742),No
552,32,Left,tensor(58.6983),No
552,17,Right,tensor(26.2879),Yes
552,38,Left,tensor(15.3583),Yes
552,1,Right,tensor(6.2476),Yes
553,15,Right,tensor(30.7025),No
553,32,Left,tensor(58.2747),No
553,17,Right,tensor(26.8417),Yes
553,38,Left,tensor(15.7447),Yes
553,1,Right,tensor(7.4572),Yes
554,15,Right,tensor(27.7495),No
554,32,Left,tensor(60.3351),No
554,17,Right,tensor(24.2665),Yes
554,38,Left,tensor(17.3715),Yes
555,15,Right,tensor(28.6935),No
555,32,Left,tensor(61.6233),No
555,13,Right,tensor(23.7505),Yes
555,38,Left,tensor(17.2092),Yes
556,15,Right,tensor(27.3269),No
556,32,Left,tensor(62.9667),No
556,13,Right,tensor(24.7888),Yes
556,38,Left,tensor(17.2160),Yes
557,15,Right,tensor(25.9312),No
557,30,Left,tensor(62.3771),No
557,5,Right,tensor(23.1616),Yes
557,38,Left,tensor(20.1087),Yes
558,15,Right,tensor(26.9961),No
558,30,Left,tensor(64.3065),No
558,5,Right,tensor(21.5384),Yes
558,38,Left,tensor(19.1978),Yes
559,30,Left,tensor(64.7498),No
559,15,Right,tensor(25.4105),Yes
559,5,Right,tensor(21.7320),Yes
559,38,Left,tensor(17.2510),Yes
560,15,Right,tensor(25.6206),No
560,30,Left,tensor(65.7391),No
560,38,Left,tensor(16.6413),Yes
560,5,Right,tensor(20.6803),Yes
560,36,Left,tensor(25.0923),Yes
561,15,Right,tensor(25.2866),No
561,30,Left,tensor(70.1580),No
561,5,Right,tensor(19.6078),Yes
561,38,Left,tensor(22.3859),Yes
561,36,Left,tensor(23.9488),Yes
562,30,Left,tensor(70.5556),No
562,15,Right,tensor(25.3123),Yes
562,5,Right,tensor(19.7905),Yes
562,38,Left,tensor(17.7614),Yes
562,36,Left,tensor(25.8146),Yes
563,30,Left,tensor(73.9623),No
563,15,Right,tensor(23.9875),Yes
563,5,Right,tensor(18.2848),Yes
563,38,Left,tensor(19.6408),Yes
563,36,Left,tensor(25.7102),Yes
564,30,Left,tensor(79.0517),No
564,15,Right,tensor(25.6421),Yes
564,38,Left,tensor(20.1965),Yes
564,5,Right,tensor(16.2241),Yes
565,15,Right,tensor(23.8649),No
565,30,Left,tensor(78.2733),No
565,38,Left,tensor(19.5820),Yes
565,5,Right,tensor(15.4045),Yes
565,36,Left,tensor(25.9907),Yes
566,23,Left,tensor(81.4572),No
566,15,Right,tensor(23.1711),Yes
566,38,Left,tensor(19.6111),Yes
566,5,Right,tensor(15.6998),Yes
566,36,Left,tensor(29.6108),Yes
567,23,Left,tensor(82.5294),No
567,15,Right,tensor(23.3126),Yes
567,38,Left,tensor(21.2059),Yes
567,5,Right,tensor(15.9599),Yes
567,36,Left,tensor(29.8973),Yes
568,20,Left,tensor(84.4166),No
568,15,Right,tensor(22.0456),Yes
568,38,Left,tensor(20.7569),Yes
568,2,Right,tensor(15.0183),Yes
568,36,Left,tensor(31.4798),Yes
569,20,Left,tensor(90.8110),No
569,15,Right,tensor(22.6641),Yes
569,38,Left,tensor(22.1501),Yes
569,2,Right,tensor(13.3745),Yes
569,36,Left,tensor(33.9663),Yes
570,20,Left,tensor(86.0119),No
570,15,Right,tensor(23.1082),Yes
570,38,Left,tensor(21.1725),Yes
570,2,Right,tensor(12.7692),Yes
570,36,Left,tensor(32.6607),Yes
571,16,Left,tensor(88.2884),No
571,15,Right,tensor(21.1216),Yes
571,38,Left,tensor(23.5527),Yes
571,36,Left,tensor(32.3078),Yes
571,2,Right,tensor(14.1280),Yes
572,16,Left,tensor(102.3856),No
572,15,Right,tensor(20.6189),Yes
572,36,Left,tensor(35.9263),Yes
572,38,Left,tensor(22.3269),Yes
572,2,Right,tensor(11.5864),Yes
573,11,Left,tensor(101.6958),No
573,15,Right,tensor(20.5749),Yes
573,36,Left,tensor(32.9533),Yes
573,38,Left,tensor(23.4299),Yes
573,2,Right,tensor(9.6356),Yes
574,11,Left,tensor(103.1401),No
574,15,Right,tensor(21.0859),Yes
574,36,Left,tensor(33.9621),Yes
574,38,Left,tensor(23.5553),Yes
574,2,Right,tensor(13.3214),Yes
575,4,Left,tensor(109.2588),No
575,15,Right,tensor(20.5888),Yes
575,38,Left,tensor(25.7826),Yes
575,36,Left,tensor(34.9066),Yes
575,2,Right,tensor(8.0164),Yes
576,4,Left,tensor(110.8743),No
576,15,Right,tensor(21.0060),Yes
576,36,Left,tensor(35.0245),Yes
576,38,Left,tensor(24.2853),Yes
576,2,Right,tensor(11.4966),Yes
577,38,Left,tensor(25.5713),No
577,36,Left,tensor(36.2702),No
577,15,Right,tensor(17.8913),Yes
577,2,Right,tensor(9.3313),Yes
578,15,Right,tensor(20.5531),No
578,38,Left,tensor(24.6829),No
578,36,Left,tensor(36.4502),No
578,2,Right,tensor(8.6318),Yes
579,38,Left,tensor(25.9153),No
579,36,Left,tensor(39.2418),No
579,15,Right,tensor(18.0942),Yes
579,2,Right,tensor(9.7810),Yes
580,38,Left,tensor(25.5570),No
580,15,Right,tensor(18.5504),Yes
580,36,Left,tensor(38.7824),No
580,2,Right,tensor(7.5670),Yes
581,15,Right,tensor(16.8540),No
581,38,Left,tensor(27.3801),No
581,36,Left,tensor(39.5151),No
581,2,Right,tensor(8.3770),Yes
582,38,Left,tensor(27.7975),No
582,15,Right,tensor(18.5091),Yes
582,36,Left,tensor(39.5761),No
582,2,Right,tensor(7.9165),Yes
583,38,Left,tensor(26.8530),No
583,15,Right,tensor(17.9038),Yes
583,36,Left,tensor(40.9650),No
583,2,Right,tensor(6.4422),Yes
584,38,Left,tensor(29.1626),No
584,36,Left,tensor(39.6480),No
584,15,Right,tensor(17.8239),Yes
584,2,Right,tensor(7.6777),Yes
585,38,Left,tensor(29.4235),No
585,36,Left,tensor(41.5652),No
585,15,Right,tensor(16.6049),Yes
585,2,Right,tensor(6.9889),Yes
586,36,Left,tensor(42.0578),No
586,38,Left,tensor(29.2790),Yes
586,15,Right,tensor(17.7682),Yes
586,2,Right,tensor(8.6248),Yes
586,39,Left,tensor(10.4632),Yes
587,36,Left,tensor(41.4590),No
587,38,Left,tensor(30.4924),Yes
587,15,Right,tensor(15.7998),Yes
587,2,Right,tensor(5.5607),Yes
587,39,Left,tensor(11.3999),Yes
588,36,Left,tensor(43.5770),No
588,15,Right,tensor(16.2775),Yes
588,38,Left,tensor(29.9952),No
588,2,Right,tensor(7.0268),Yes
589,36,Left,tensor(44.8543),No
589,38,Left,tensor(30.6110),Yes
589,15,Right,tensor(14.2536),Yes
589,2,Right,tensor(6.1636),Yes
590,36,Left,tensor(45.4837),No
590,38,Left,tensor(32.2881),Yes
590,15,Right,tensor(15.3329),Yes
590,2,Right,tensor(5.8186),Yes
591,15,Right,tensor(14.8463),No
591,36,Left,tensor(45.2871),No
591,38,Left,tensor(32.9506),No
591,2,Right,tensor(5.9735),Yes
592,38,Left,tensor(33.0643),No
592,36,Left,tensor(48.5169),No
592,15,Right,tensor(12.9332),Yes
592,2,Right,tensor(6.3769),Yes
593,38,Left,tensor(34.8439),No
593,15,Right,tensor(14.0019),Yes
593,36,Left,tensor(50.0452),No
593,2,Right,tensor(4.9221),Yes
594,36,Left,tensor(48.4348),No
594,15,Right,tensor(13.5666),Yes
594,38,Left,tensor(34.3493),No
594,2,Right,tensor(6.2978),Yes
595,36,Left,tensor(50.0684),No
595,15,Right,tensor(14.9683),Yes
595,38,Left,tensor(36.6512),No
595,2,Right,tensor(7.1571),Yes
596,10,Right,tensor(14.2682),No
596,36,Left,tensor(51.6489),No
596,38,Left,tensor(35.8446),No
596,2,Right,tensor(4.9589),Yes
597,10,Right,tensor(12.7162),No
597,38,Left,tensor(39.4704),No
597,36,Left,tensor(52.8431),No
597,2,Right,tensor(5.1948),Yes
598,10,Right,tensor(13.8237),No
598,36,Left,tensor(52.2159),No
598,38,Left,tensor(37.7819),No
598,2,Right,tensor(4.4034),Yes
599,36,Left,tensor(52.9928),No
599,38,Left,tensor(37.8845),Yes
599,10,Right,tensor(13.4324),Yes
599,2,Right,tensor(4.4225),Yes
599,39,Left,tensor(13.0906),Yes
